c91538,::1,GET,http://localhost/ChampionnatProject/web/app_dev.php/,1461598530,f3260c,200
f3260c,::1,GET,http://localhost/ChampionnatProject/web/app_dev.php/,1461598530,,404
37b619,::1,GET,http://localhost/ChampionnatProject/web/app_dev.php/iNDEX,1461598534,4bfae9,200
4bfae9,::1,GET,http://localhost/ChampionnatProject/web/app_dev.php/iNDEX,1461598534,,404
ab04a7,::1,GET,http://localhost/ChampionnatProject/web/app_dev.php/Index$,1461598538,814dd5,200
814dd5,::1,GET,http://localhost/ChampionnatProject/web/app_dev.php/Index$,1461598538,,404
acb96e,::1,GET,http://localhost/ChampionnatProject/web/app_dev.php/Index,1461598540,,302
6e32b1,::1,GET,http://localhost/ChampionnatProject/web/app_dev.php/Index,1461598540,,302
ab6d0c,::1,GET,http://localhost/ChampionnatProject/web/app_dev.php/Index,1461598540,,302
0389c6,::1,GET,http://localhost/ChampionnatProject/web/app_dev.php/Index,1461598540,,302
6abaa5,::1,GET,http://localhost/ChampionnatProject/web/app_dev.php/Index,1461598540,,302
735993,::1,GET,http://localhost/ChampionnatProject/web/app_dev.php/Index,1461598540,,302
7c8c4a,::1,GET,http://localhost/ChampionnatProject/web/app_dev.php/Index,1461598540,,302
e79691,::1,GET,http://localhost/ChampionnatProject/web/app_dev.php/Index,1461598540,,302
21d28e,::1,GET,http://localhost/ChampionnatProject/web/app_dev.php/Index,1461598540,,302
988c8c,::1,GET,http://localhost/ChampionnatProject/web/app_dev.php/Index,1461598540,,302
6745a7,::1,GET,http://localhost/ChampionnatProject/web/app_dev.php/Index,1461598540,,302
d1b67d,::1,GET,http://localhost/ChampionnatProject/web/app_dev.php/Index,1461598540,,302
9547f0,::1,GET,http://localhost/ChampionnatProject/web/app_dev.php/Index,1461598540,,302
cc7d3c,::1,GET,http://localhost/ChampionnatProject/web/app_dev.php/Index,1461598540,,302
5420d9,::1,GET,http://localhost/ChampionnatProject/web/app_dev.php/Index,1461598540,,302
408dbe,::1,GET,http://localhost/ChampionnatProject/web/app_dev.php/Index,1461598540,,302
151f84,::1,GET,http://localhost/ChampionnatProject/web/app_dev.php/Index,1461598540,,302
a25918,::1,GET,http://localhost/ChampionnatProject/web/app_dev.php/Index,1461598540,,302
476b72,::1,GET,http://localhost/ChampionnatProject/web/app_dev.php/Index,1461598540,,302
59ff5c,::1,GET,http://localhost/ChampionnatProject/web/app_dev.php/Index,1461598541,,302
4f70ba,::1,GET,http://localhost/ChampionnatProject/web/app_dev.php/Index,1461598541,,302
6be561,::1,GET,http://localhost/ChampionnatProject/web/app_dev.php/Index,1461598541,,302
f5d721,::1,GET,http://localhost/ChampionnatProject/web/app_dev.php/Index,1461598541,,302
69951e,::1,GET,http://localhost/ChampionnatProject/web/app_dev.php/Index,1461598541,,302
4525ef,::1,GET,http://localhost/ChampionnatProject/web/app_dev.php/Index,1461598541,,302
c1e150,::1,GET,http://localhost/ChampionnatProject/web/app_dev.php/Index,1461598541,,302
2e645b,::1,GET,http://localhost/ChampionnatProject/web/app_dev.php/Index,1461598541,,302
894ce3,::1,GET,http://localhost/ChampionnatProject/web/app_dev.php/Index,1461598541,,302
d962af,::1,GET,http://localhost/ChampionnatProject/web/app_dev.php/Index,1461598541,,302
4edaa6,::1,GET,http://localhost/ChampionnatProject/web/app_dev.php/Index,1461598541,,302
6cb734,::1,GET,http://localhost/ChampionnatProject/web/app_dev.php/Index,1461598541,,302
acb53b,::1,GET,http://localhost/ChampionnatProject/web/app_dev.php/Index,1461598541,,302
09cda1,::1,GET,http://localhost/ChampionnatProject/web/app_dev.php/Index,1461598541,,302
5fe8f2,::1,GET,http://localhost/ChampionnatProject/web/app_dev.php/Index,1461598541,,302
545b43,::1,GET,http://localhost/ChampionnatProject/web/app_dev.php/Index,1461598541,,302
a87fd2,::1,GET,http://localhost/ChampionnatProject/web/app_dev.php/Index,1461598541,,302
c755fd,::1,GET,http://localhost/ChampionnatProject/web/app_dev.php/Index,1461598541,,302
03276e,::1,GET,http://localhost/ChampionnatProject/web/app_dev.php/Index,1461598541,,302
ed2cc4,::1,GET,http://localhost/ChampionnatProject/web/app_dev.php/Index,1461598541,,302
837346,::1,GET,http://localhost/ChampionnatProject/web/app_dev.php/Index,1461598541,,302
506b22,::1,GET,http://localhost/ChampionnatProject/web/app_dev.php/Index,1461598541,,302
316168,::1,GET,http://localhost/ChampionnatProject/web/app_dev.php/Index,1461598541,,302
7037f7,::1,GET,http://localhost/ChampionnatProject/web/app_dev.php/Index,1461598546,,302
61cb65,::1,GET,http://localhost/ChampionnatProject/web/app_dev.php/Index,1461598547,,302
426929,::1,GET,http://localhost/ChampionnatProject/web/app_dev.php/Index,1461598547,,302
d0bf4d,::1,GET,http://localhost/ChampionnatProject/web/app_dev.php/Index,1461598547,,302
45d290,::1,GET,http://localhost/ChampionnatProject/web/app_dev.php/Index,1461598547,,302
b0223f,::1,GET,http://localhost/ChampionnatProject/web/app_dev.php/Index,1461598547,,302
5aa06e,::1,GET,http://localhost/ChampionnatProject/web/app_dev.php/Index,1461598547,,302
ac6ec3,::1,GET,http://localhost/ChampionnatProject/web/app_dev.php/Index,1461598547,,302
95668d,::1,GET,http://localhost/ChampionnatProject/web/app_dev.php/Index,1461598547,,302
c06c7a,::1,GET,http://localhost/ChampionnatProject/web/app_dev.php/Index,1461598547,,302
1bac64,::1,GET,http://localhost/ChampionnatProject/web/app_dev.php/Index,1461598547,,302
e1f360,::1,GET,http://localhost/ChampionnatProject/web/app_dev.php/Index,1461598547,,302
823564,::1,GET,http://localhost/ChampionnatProject/web/app_dev.php/Index,1461598547,,302
3a9184,::1,GET,http://localhost/ChampionnatProject/web/app_dev.php/Index,1461598547,,302
b99024,::1,GET,http://localhost/ChampionnatProject/web/app_dev.php/Index,1461598547,,302
c24577,::1,GET,http://localhost/ChampionnatProject/web/app_dev.php/Index,1461598547,,302
95ad2a,::1,GET,http://localhost/ChampionnatProject/web/app_dev.php/Index,1461598547,,302
61e0f3,::1,GET,http://localhost/ChampionnatProject/web/app_dev.php/Index,1461598547,,302
d619c3,::1,GET,http://localhost/ChampionnatProject/web/app_dev.php/Index,1461598547,,302
68b071,::1,GET,http://localhost/ChampionnatProject/web/app_dev.php/Index,1461598547,,302
bc1d3c,::1,GET,http://localhost/ChampionnatProject/web/app_dev.php/Index,1461598547,,302
28b586,::1,GET,http://localhost/ChampionnatProject/web/app_dev.php/Index,1461598672,,301
7aaebf,::1,GET,http://localhost/ChampionnatProject/web/app_dev.php/Index,1461598672,,301
de0738,::1,GET,http://localhost/ChampionnatProject/web/app_dev.php/Index,1461598672,,301
d3cd96,::1,GET,http://localhost/ChampionnatProject/web/app_dev.php/Index,1461598672,,301
ecda71,::1,GET,http://localhost/ChampionnatProject/web/app_dev.php/Index,1461598672,,301
dcc484,::1,GET,http://localhost/ChampionnatProject/web/app_dev.php/Index,1461598672,,301
33a789,::1,GET,http://localhost/ChampionnatProject/web/app_dev.php/Index,1461598672,,301
62886f,::1,GET,http://localhost/ChampionnatProject/web/app_dev.php/Index,1461598672,,301
970ca8,::1,GET,http://localhost/ChampionnatProject/web/app_dev.php/Index,1461598672,,301
a9d368,::1,GET,http://localhost/ChampionnatProject/web/app_dev.php/Index,1461598672,,301
b8df03,::1,GET,http://localhost/ChampionnatProject/web/app_dev.php/Index,1461598672,,301
7646f5,::1,GET,http://localhost/ChampionnatProject/web/app_dev.php/Index,1461598672,,301
e47320,::1,GET,http://localhost/ChampionnatProject/web/app_dev.php/Index,1461598672,,301
6e5dd5,::1,GET,http://localhost/ChampionnatProject/web/app_dev.php/Index,1461598672,,301
6d3493,::1,GET,http://localhost/ChampionnatProject/web/app_dev.php/Index,1461598672,,301
9264de,::1,GET,http://localhost/ChampionnatProject/web/app_dev.php/Index,1461598672,,301
e5ac4d,::1,GET,http://localhost/ChampionnatProject/web/app_dev.php/Index,1461598672,,301
09c953,::1,GET,http://localhost/ChampionnatProject/web/app_dev.php/Index,1461598672,,301
13fe81,::1,GET,http://localhost/ChampionnatProject/web/app_dev.php/Index,1461598672,,301
b27089,::1,GET,http://localhost/ChampionnatProject/web/app_dev.php/Index,1461598672,,301
4946ad,::1,GET,http://localhost/ChampionnatProject/web/app_dev.php/Index,1461598672,,301
db1eb2,::1,GET,http://localhost/ChampionnatProject/web/app_dev.php/Index,1461598684,,302
76d55b,::1,GET,http://localhost/ChampionnatProject/web/app_dev.php/Index,1461598684,,302
14ce67,::1,GET,http://localhost/ChampionnatProject/web/app_dev.php/Index,1461598684,,302
242d31,::1,GET,http://localhost/ChampionnatProject/web/app_dev.php/Index,1461598684,,302
9dcc63,::1,GET,http://localhost/ChampionnatProject/web/app_dev.php/Index,1461598684,,302
2ac199,::1,GET,http://localhost/ChampionnatProject/web/app_dev.php/Index,1461598684,,302
f9d620,::1,GET,http://localhost/ChampionnatProject/web/app_dev.php/Index,1461598684,,302
4a6b21,::1,GET,http://localhost/ChampionnatProject/web/app_dev.php/Index,1461598684,,302
1a6381,::1,GET,http://localhost/ChampionnatProject/web/app_dev.php/Index,1461598684,,302
51ec7f,::1,GET,http://localhost/ChampionnatProject/web/app_dev.php/Index,1461598684,,302
9a3628,::1,GET,http://localhost/ChampionnatProject/web/app_dev.php/Index,1461598684,,302
4ca15e,::1,GET,http://localhost/ChampionnatProject/web/app_dev.php/Index,1461598684,,302
f3c9c3,::1,GET,http://localhost/ChampionnatProject/web/app_dev.php/Index,1461598684,,302
e83eab,::1,GET,http://localhost/ChampionnatProject/web/app_dev.php/Index,1461598684,,302
61200f,::1,GET,http://localhost/ChampionnatProject/web/app_dev.php/Index,1461598684,,302
8076c2,::1,GET,http://localhost/ChampionnatProject/web/app_dev.php/Index,1461598684,,302
941446,::1,GET,http://localhost/ChampionnatProject/web/app_dev.php/Index,1461598684,,302
03e8a4,::1,GET,http://localhost/ChampionnatProject/web/app_dev.php/Index,1461598684,,302
4f594f,::1,GET,http://localhost/ChampionnatProject/web/app_dev.php/Index,1461598684,,302
654f5d,::1,GET,http://localhost/ChampionnatProject/web/app_dev.php/Index,1461598684,,302
ecc047,::1,GET,http://localhost/ChampionnatProject/web/app_dev.php/Index,1461598684,,302
96c37f,::1,GET,http://localhost/ChampionnatProject/web/app_dev.php/Index,1461598712,871b1a,200
871b1a,::1,GET,http://localhost/ChampionnatProject/web/app_dev.php/Index,1461598712,,500
198ed2,::1,GET,http://localhost/ChampionnatProject/web/app_dev.php/Index,1461598735,,302
9073b5,::1,GET,http://localhost/ChampionnatProject/web/app_dev.php/Index,1461598735,,302
3ba986,::1,GET,http://localhost/ChampionnatProject/web/app_dev.php/Index,1461598735,,302
81e0b2,::1,GET,http://localhost/ChampionnatProject/web/app_dev.php/Index,1461598735,,302
548576,::1,GET,http://localhost/ChampionnatProject/web/app_dev.php/Index,1461598735,,302
74e6aa,::1,GET,http://localhost/ChampionnatProject/web/app_dev.php/Index,1461598735,,302
e8e881,::1,GET,http://localhost/ChampionnatProject/web/app_dev.php/Index,1461598735,,302
162907,::1,GET,http://localhost/ChampionnatProject/web/app_dev.php/Index,1461598735,,302
61d938,::1,GET,http://localhost/ChampionnatProject/web/app_dev.php/Index,1461598735,,302
6358eb,::1,GET,http://localhost/ChampionnatProject/web/app_dev.php/Index,1461598735,,302
84ac61,::1,GET,http://localhost/ChampionnatProject/web/app_dev.php/Index,1461598735,,302
7f7d31,::1,GET,http://localhost/ChampionnatProject/web/app_dev.php/Index,1461598735,,302
accc0c,::1,GET,http://localhost/ChampionnatProject/web/app_dev.php/Index,1461598735,,302
fcca94,::1,GET,http://localhost/ChampionnatProject/web/app_dev.php/Index,1461598735,,302
40d5cb,::1,GET,http://localhost/ChampionnatProject/web/app_dev.php/Index,1461598735,,302
b3c58e,::1,GET,http://localhost/ChampionnatProject/web/app_dev.php/Index,1461598735,,302
071e4a,::1,GET,http://localhost/ChampionnatProject/web/app_dev.php/Index,1461598735,,302
dbd29a,::1,GET,http://localhost/ChampionnatProject/web/app_dev.php/Index,1461598735,,302
8b4b09,::1,GET,http://localhost/ChampionnatProject/web/app_dev.php/Index,1461598735,,302
c1bdad,::1,GET,http://localhost/ChampionnatProject/web/app_dev.php/Index,1461598735,,302
d90a05,::1,GET,http://localhost/ChampionnatProject/web/app_dev.php/Index,1461598736,,302
26e68e,::1,GET,http://localhost/ChampionnatProject/web/app_dev.php/Index,1461598736,,302
f034b4,::1,GET,http://localhost/ChampionnatProject/web/app_dev.php/Index,1461598736,,302
f536c9,::1,GET,http://localhost/ChampionnatProject/web/app_dev.php/Index,1461598736,,302
eafaa0,::1,GET,http://localhost/ChampionnatProject/web/app_dev.php/Index,1461598736,,302
749042,::1,GET,http://localhost/ChampionnatProject/web/app_dev.php/Index,1461598736,,302
6f4013,::1,GET,http://localhost/ChampionnatProject/web/app_dev.php/Index,1461598736,,302
04ac72,::1,GET,http://localhost/ChampionnatProject/web/app_dev.php/Index,1461598736,,302
6a928f,::1,GET,http://localhost/ChampionnatProject/web/app_dev.php/Index,1461598736,,302
8076ea,::1,GET,http://localhost/ChampionnatProject/web/app_dev.php/Index,1461598736,,302
6715cc,::1,GET,http://localhost/ChampionnatProject/web/app_dev.php/Index,1461598736,,302
1619ca,::1,GET,http://localhost/ChampionnatProject/web/app_dev.php/Index,1461598736,,302
a7ae51,::1,GET,http://localhost/ChampionnatProject/web/app_dev.php/Index,1461598736,,302
122dbc,::1,GET,http://localhost/ChampionnatProject/web/app_dev.php/Index,1461598736,,302
5119d9,::1,GET,http://localhost/ChampionnatProject/web/app_dev.php/Index,1461598736,,302
d3aea0,::1,GET,http://localhost/ChampionnatProject/web/app_dev.php/Index,1461598736,,302
362cd1,::1,GET,http://localhost/ChampionnatProject/web/app_dev.php/Index,1461598736,,302
543f49,::1,GET,http://localhost/ChampionnatProject/web/app_dev.php/Index,1461598736,,302
37651e,::1,GET,http://localhost/ChampionnatProject/web/app_dev.php/Index,1461598736,,302
9b2b78,::1,GET,http://localhost/ChampionnatProject/web/app_dev.php/Index,1461598736,,302
289f85,::1,GET,http://localhost/ChampionnatProject/web/app_dev.php/Index,1461598736,,302
fedf82,::1,GET,http://localhost/ChampionnatProject/web/app_dev.php/Index,1461598736,,302
00a91f,::1,GET,http://localhost/ChampionnatProject/web/app_dev.php/Index,1461598741,,302
a82494,::1,GET,http://localhost/ChampionnatProject/web/app_dev.php/Index,1461598741,,302
d73ec8,::1,GET,http://localhost/ChampionnatProject/web/app_dev.php/Index,1461598742,,302
861978,::1,GET,http://localhost/ChampionnatProject/web/app_dev.php/Index,1461598742,,302
d025fe,::1,GET,http://localhost/ChampionnatProject/web/app_dev.php/Index,1461598742,,302
eb7326,::1,GET,http://localhost/ChampionnatProject/web/app_dev.php/Index,1461598742,,302
a5ea0e,::1,GET,http://localhost/ChampionnatProject/web/app_dev.php/Index,1461598742,,302
fa0f20,::1,GET,http://localhost/ChampionnatProject/web/app_dev.php/Index,1461598742,,302
151a1a,::1,GET,http://localhost/ChampionnatProject/web/app_dev.php/Index,1461598742,,302
4a3536,::1,GET,http://localhost/ChampionnatProject/web/app_dev.php/Index,1461598742,,302
671387,::1,GET,http://localhost/ChampionnatProject/web/app_dev.php/Index,1461598742,,302
6b7b96,::1,GET,http://localhost/ChampionnatProject/web/app_dev.php/Index,1461598742,,302
24038b,::1,GET,http://localhost/ChampionnatProject/web/app_dev.php/Index,1461598742,,302
52b31b,::1,GET,http://localhost/ChampionnatProject/web/app_dev.php/Index,1461598742,,302
5abd12,::1,GET,http://localhost/ChampionnatProject/web/app_dev.php/Index,1461598742,,302
a29e09,::1,GET,http://localhost/ChampionnatProject/web/app_dev.php/Index,1461598742,,302
21a110,::1,GET,http://localhost/ChampionnatProject/web/app_dev.php/Index,1461598742,,302
3b1f2e,::1,GET,http://localhost/ChampionnatProject/web/app_dev.php/Index,1461598742,,302
d283d3,::1,GET,http://localhost/ChampionnatProject/web/app_dev.php/Index,1461598742,,302
ff0d97,::1,GET,http://localhost/ChampionnatProject/web/app_dev.php/Index,1461598742,,302
1dd974,::1,GET,http://localhost/ChampionnatProject/web/app_dev.php/Index,1461598742,,302
2c2584,::1,GET,http://localhost/ChampionnatProject/web/app_dev.php/Index,1461598755,,302
170912,::1,GET,http://localhost/ChampionnatProject/web/app_dev.php/Index,1461598755,,302
fe4928,::1,GET,http://localhost/ChampionnatProject/web/app_dev.php/Index,1461598755,,302
facafe,::1,GET,http://localhost/ChampionnatProject/web/app_dev.php/Index,1461598755,,302
55e7ee,::1,GET,http://localhost/ChampionnatProject/web/app_dev.php/Index,1461598756,,302
cc6274,::1,GET,http://localhost/ChampionnatProject/web/app_dev.php/Index,1461598756,,302
00549e,::1,GET,http://localhost/ChampionnatProject/web/app_dev.php/Index,1461598756,,302
3d2d8b,::1,GET,http://localhost/ChampionnatProject/web/app_dev.php/Index,1461598756,,302
fdb0f2,::1,GET,http://localhost/ChampionnatProject/web/app_dev.php/Index,1461598756,,302
8d9ec9,::1,GET,http://localhost/ChampionnatProject/web/app_dev.php/Index,1461598756,,302
139f42,::1,GET,http://localhost/ChampionnatProject/web/app_dev.php/Index,1461598756,,302
f1fbf2,::1,GET,http://localhost/ChampionnatProject/web/app_dev.php/Index,1461598756,,302
da05f2,::1,GET,http://localhost/ChampionnatProject/web/app_dev.php/Index,1461598756,,302
2a012b,::1,GET,http://localhost/ChampionnatProject/web/app_dev.php/Index,1461598756,,302
95d2bf,::1,GET,http://localhost/ChampionnatProject/web/app_dev.php/Index,1461598756,,302
793cd1,::1,GET,http://localhost/ChampionnatProject/web/app_dev.php/Index,1461598756,,302
71b8a3,::1,GET,http://localhost/ChampionnatProject/web/app_dev.php/Index,1461598756,,302
cca919,::1,GET,http://localhost/ChampionnatProject/web/app_dev.php/Index,1461598756,,302
9dead9,::1,GET,http://localhost/ChampionnatProject/web/app_dev.php/Index,1461598756,,302
138ed1,::1,GET,http://localhost/ChampionnatProject/web/app_dev.php/Index,1461598756,,302
accdfc,::1,GET,http://localhost/ChampionnatProject/web/app_dev.php/Index,1461598756,,302
14ab0f,::1,GET,http://localhost/ChampionnatProject/web/app_dev.php/Index,1461598772,,302
19766a,::1,GET,http://localhost/ChampionnatProject/web/app_dev.php/Index,1461598772,,302
7ae991,::1,GET,http://localhost/ChampionnatProject/web/app_dev.php/Index,1461598772,,302
ea6993,::1,GET,http://localhost/ChampionnatProject/web/app_dev.php/Index,1461598772,,302
314472,::1,GET,http://localhost/ChampionnatProject/web/app_dev.php/Index,1461598772,,302
789113,::1,GET,http://localhost/ChampionnatProject/web/app_dev.php/Index,1461598773,,302
c38403,::1,GET,http://localhost/ChampionnatProject/web/app_dev.php/Index,1461598773,,302
c8c5af,::1,GET,http://localhost/ChampionnatProject/web/app_dev.php/Index,1461598773,,302
8bf3c8,::1,GET,http://localhost/ChampionnatProject/web/app_dev.php/Index,1461598773,,302
5701d6,::1,GET,http://localhost/ChampionnatProject/web/app_dev.php/Index,1461598773,,302
868708,::1,GET,http://localhost/ChampionnatProject/web/app_dev.php/Index,1461598773,,302
b0b3d6,::1,GET,http://localhost/ChampionnatProject/web/app_dev.php/Index,1461598773,,302
d7c7d9,::1,GET,http://localhost/ChampionnatProject/web/app_dev.php/Index,1461598773,,302
73bac7,::1,GET,http://localhost/ChampionnatProject/web/app_dev.php/Index,1461598773,,302
993583,::1,GET,http://localhost/ChampionnatProject/web/app_dev.php/Index,1461598773,,302
a38423,::1,GET,http://localhost/ChampionnatProject/web/app_dev.php/Index,1461598773,,302
ee0022,::1,GET,http://localhost/ChampionnatProject/web/app_dev.php/Index,1461598773,,302
7b9f75,::1,GET,http://localhost/ChampionnatProject/web/app_dev.php/Index,1461598773,,302
d84b61,::1,GET,http://localhost/ChampionnatProject/web/app_dev.php/Index,1461598773,,302
0ba565,::1,GET,http://localhost/ChampionnatProject/web/app_dev.php/Index,1461598773,,302
d62c96,::1,GET,http://localhost/ChampionnatProject/web/app_dev.php/Index,1461598773,,302
457131,::1,GET,http://localhost/ChampionnatProject/web/app_dev.php/,1461598861,ce4191,200
ce4191,::1,GET,http://localhost/ChampionnatProject/web/app_dev.php/,1461598861,,404
4b24c7,::1,GET,http://localhost/ChampionnatProject/web/app_dev.php/joueur,1461598866,,301
ac2952,::1,GET,http://localhost/ChampionnatProject/web/app_dev.php/joueur/,1461598866,,200
c08135,::1,GET,http://localhost/ChampionnatProject/web/app_dev.php/Index,1461598870,,302
a55da6,::1,GET,http://localhost/ChampionnatProject/web/app_dev.php/Index,1461598870,,302
dafde9,::1,GET,http://localhost/ChampionnatProject/web/app_dev.php/Index,1461598870,,302
afe847,::1,GET,http://localhost/ChampionnatProject/web/app_dev.php/Index,1461598870,,302
7bb973,::1,GET,http://localhost/ChampionnatProject/web/app_dev.php/Index,1461598870,,302
7e08db,::1,GET,http://localhost/ChampionnatProject/web/app_dev.php/Index,1461598870,,302
24b8b1,::1,GET,http://localhost/ChampionnatProject/web/app_dev.php/Index,1461598871,,302
8a96df,::1,GET,http://localhost/ChampionnatProject/web/app_dev.php/Index,1461598871,,302
9acac9,::1,GET,http://localhost/ChampionnatProject/web/app_dev.php/Index,1461598871,,302
1afda1,::1,GET,http://localhost/ChampionnatProject/web/app_dev.php/Index,1461598871,,302
2d0df9,::1,GET,http://localhost/ChampionnatProject/web/app_dev.php/Index,1461598871,,302
1cdf08,::1,GET,http://localhost/ChampionnatProject/web/app_dev.php/Index,1461598871,,302
b234d8,::1,GET,http://localhost/ChampionnatProject/web/app_dev.php/Index,1461598871,,302
42c0a8,::1,GET,http://localhost/ChampionnatProject/web/app_dev.php/Index,1461598871,,302
f3ee07,::1,GET,http://localhost/ChampionnatProject/web/app_dev.php/Index,1461598871,,302
7f9b95,::1,GET,http://localhost/ChampionnatProject/web/app_dev.php/Index,1461598871,,302
e1c5bd,::1,GET,http://localhost/ChampionnatProject/web/app_dev.php/Index,1461598871,,302
9c1e8b,::1,GET,http://localhost/ChampionnatProject/web/app_dev.php/Index,1461598871,,302
56b79b,::1,GET,http://localhost/ChampionnatProject/web/app_dev.php/Index,1461598871,,302
660205,::1,GET,http://localhost/ChampionnatProject/web/app_dev.php/Index,1461598871,,302
eec4a3,::1,GET,http://localhost/ChampionnatProject/web/app_dev.php/Index,1461598871,,302
b92154,::1,GET,http://localhost/ChampionnatProject/web/app_dev.php/Index,1461598871,,302
2feb2a,::1,GET,http://localhost/ChampionnatProject/web/app_dev.php/Index,1461598871,,302
738a35,::1,GET,http://localhost/ChampionnatProject/web/app_dev.php/Index,1461598871,,302
b178ec,::1,GET,http://localhost/ChampionnatProject/web/app_dev.php/Index,1461598871,,302
678d34,::1,GET,http://localhost/ChampionnatProject/web/app_dev.php/Index,1461598871,,302
288a03,::1,GET,http://localhost/ChampionnatProject/web/app_dev.php/Index,1461598871,,302
ea88b5,::1,GET,http://localhost/ChampionnatProject/web/app_dev.php/Index,1461598871,,302
7208b3,::1,GET,http://localhost/ChampionnatProject/web/app_dev.php/Index,1461598871,,302
812241,::1,GET,http://localhost/ChampionnatProject/web/app_dev.php/Index,1461598871,,302
772116,::1,GET,http://localhost/ChampionnatProject/web/app_dev.php/Index,1461598871,,302
b04c20,::1,GET,http://localhost/ChampionnatProject/web/app_dev.php/Index,1461598871,,302
b0430d,::1,GET,http://localhost/ChampionnatProject/web/app_dev.php/Index,1461598872,,302
4ad04f,::1,GET,http://localhost/ChampionnatProject/web/app_dev.php/Index,1461598872,,302
4a6a27,::1,GET,http://localhost/ChampionnatProject/web/app_dev.php/Index,1461598872,,302
f118ba,::1,GET,http://localhost/ChampionnatProject/web/app_dev.php/Index,1461598872,,302
1e1969,::1,GET,http://localhost/ChampionnatProject/web/app_dev.php/Index,1461598872,,302
b4c772,::1,GET,http://localhost/ChampionnatProject/web/app_dev.php/Index,1461598872,,302
b90e33,::1,GET,http://localhost/ChampionnatProject/web/app_dev.php/Index,1461598872,,302
48bf3b,::1,GET,http://localhost/ChampionnatProject/web/app_dev.php/Index,1461598872,,302
7294df,::1,GET,http://localhost/ChampionnatProject/web/app_dev.php/Index,1461598872,,302
d38f3c,::1,GET,http://localhost/ChampionnatProject/web/app_dev.php/Index,1461598872,,302
a52a3e,::1,GET,http://localhost/ChampionnatProject/web/app_dev.php/Index,1461598877,,302
a79ea5,::1,GET,http://localhost/ChampionnatProject/web/app_dev.php/Index,1461598877,,302
eb5dce,::1,GET,http://localhost/ChampionnatProject/web/app_dev.php/Index,1461598877,,302
a0e49e,::1,GET,http://localhost/ChampionnatProject/web/app_dev.php/Index,1461598877,,302
b40516,::1,GET,http://localhost/ChampionnatProject/web/app_dev.php/Index,1461598877,,302
505ecf,::1,GET,http://localhost/ChampionnatProject/web/app_dev.php/Index,1461598877,,302
576e02,::1,GET,http://localhost/ChampionnatProject/web/app_dev.php/Index,1461598877,,302
5cb152,::1,GET,http://localhost/ChampionnatProject/web/app_dev.php/Index,1461598877,,302
d9cbaf,::1,GET,http://localhost/ChampionnatProject/web/app_dev.php/Index,1461598877,,302
e682f5,::1,GET,http://localhost/ChampionnatProject/web/app_dev.php/Index,1461598877,,302
5e065f,::1,GET,http://localhost/ChampionnatProject/web/app_dev.php/Index,1461598877,,302
5a257a,::1,GET,http://localhost/ChampionnatProject/web/app_dev.php/Index,1461598877,,302
fece0f,::1,GET,http://localhost/ChampionnatProject/web/app_dev.php/Index,1461598877,,302
8ff8c1,::1,GET,http://localhost/ChampionnatProject/web/app_dev.php/Index,1461598877,,302
5d4681,::1,GET,http://localhost/ChampionnatProject/web/app_dev.php/Index,1461598877,,302
ff4d85,::1,GET,http://localhost/ChampionnatProject/web/app_dev.php/Index,1461598878,,302
7904d8,::1,GET,http://localhost/ChampionnatProject/web/app_dev.php/Index,1461598878,,302
2128f8,::1,GET,http://localhost/ChampionnatProject/web/app_dev.php/Index,1461598878,,302
75c592,::1,GET,http://localhost/ChampionnatProject/web/app_dev.php/Index,1461598878,,302
949ca2,::1,GET,http://localhost/ChampionnatProject/web/app_dev.php/Index,1461598878,,302
d8b80c,::1,GET,http://localhost/ChampionnatProject/web/app_dev.php/Index,1461598878,,302
30b993,::1,GET,http://localhost/ChampionnatProject/web/app_dev.php/Index,1461598908,b71cae,200
b71cae,::1,GET,http://localhost/ChampionnatProject/web/app_dev.php/Index,1461598908,,404
625459,::1,GET,http://localhost/ChampionnatProject/web/app_dev.php/indexOfMatch,1461598912,,302
b82f14,::1,GET,http://localhost/ChampionnatProject/web/app_dev.php/indexOfMatch,1461598912,,302
ca8523,::1,GET,http://localhost/ChampionnatProject/web/app_dev.php/indexOfMatch,1461598912,,302
c4cbd6,::1,GET,http://localhost/ChampionnatProject/web/app_dev.php/indexOfMatch,1461598912,,302
365b7f,::1,GET,http://localhost/ChampionnatProject/web/app_dev.php/indexOfMatch,1461598912,,302
818e1c,::1,GET,http://localhost/ChampionnatProject/web/app_dev.php/indexOfMatch,1461598912,,302
092b69,::1,GET,http://localhost/ChampionnatProject/web/app_dev.php/indexOfMatch,1461598912,,302
234b74,::1,GET,http://localhost/ChampionnatProject/web/app_dev.php/indexOfMatch,1461598912,,302
6eca62,::1,GET,http://localhost/ChampionnatProject/web/app_dev.php/indexOfMatch,1461598912,,302
384f09,::1,GET,http://localhost/ChampionnatProject/web/app_dev.php/indexOfMatch,1461598912,,302
aca406,::1,GET,http://localhost/ChampionnatProject/web/app_dev.php/indexOfMatch,1461598913,,302
c15448,::1,GET,http://localhost/ChampionnatProject/web/app_dev.php/indexOfMatch,1461598913,,302
3183a5,::1,GET,http://localhost/ChampionnatProject/web/app_dev.php/indexOfMatch,1461598913,,302
262fdd,::1,GET,http://localhost/ChampionnatProject/web/app_dev.php/indexOfMatch,1461598913,,302
859d0f,::1,GET,http://localhost/ChampionnatProject/web/app_dev.php/indexOfMatch,1461598913,,302
82fd56,::1,GET,http://localhost/ChampionnatProject/web/app_dev.php/indexOfMatch,1461598913,,302
0559e0,::1,GET,http://localhost/ChampionnatProject/web/app_dev.php/indexOfMatch,1461598913,,302
19fed6,::1,GET,http://localhost/ChampionnatProject/web/app_dev.php/indexOfMatch,1461598913,,302
9855a2,::1,GET,http://localhost/ChampionnatProject/web/app_dev.php/indexOfMatch,1461598913,,302
687952,::1,GET,http://localhost/ChampionnatProject/web/app_dev.php/indexOfMatch,1461598913,,302
209102,::1,GET,http://localhost/ChampionnatProject/web/app_dev.php/indexOfMatch,1461598913,,302
cb95e6,::1,GET,http://localhost/ChampionnatProject/web/app_dev.php/indexOfMatch,1461598913,,302
2bf1ca,::1,GET,http://localhost/ChampionnatProject/web/app_dev.php/indexOfMatch,1461598913,,302
5dfd9f,::1,GET,http://localhost/ChampionnatProject/web/app_dev.php/indexOfMatch,1461598913,,302
1741bb,::1,GET,http://localhost/ChampionnatProject/web/app_dev.php/indexOfMatch,1461598913,,302
2441cd,::1,GET,http://localhost/ChampionnatProject/web/app_dev.php/indexOfMatch,1461598913,,302
2c59ac,::1,GET,http://localhost/ChampionnatProject/web/app_dev.php/indexOfMatch,1461598913,,302
1e98bc,::1,GET,http://localhost/ChampionnatProject/web/app_dev.php/indexOfMatch,1461598913,,302
2b2047,::1,GET,http://localhost/ChampionnatProject/web/app_dev.php/indexOfMatch,1461598913,,302
78b1b4,::1,GET,http://localhost/ChampionnatProject/web/app_dev.php/indexOfMatch,1461598913,,302
8cbc1c,::1,GET,http://localhost/ChampionnatProject/web/app_dev.php/indexOfMatch,1461598913,,302
1eb714,::1,GET,http://localhost/ChampionnatProject/web/app_dev.php/indexOfMatch,1461598913,,302
fc0604,::1,GET,http://localhost/ChampionnatProject/web/app_dev.php/indexOfMatch,1461598913,,302
f63624,::1,GET,http://localhost/ChampionnatProject/web/app_dev.php/indexOfMatch,1461598913,,302
49f443,::1,GET,http://localhost/ChampionnatProject/web/app_dev.php/indexOfMatch,1461598913,,302
1f13e7,::1,GET,http://localhost/ChampionnatProject/web/app_dev.php/indexOfMatch,1461598913,,302
71ba1d,::1,GET,http://localhost/ChampionnatProject/web/app_dev.php/indexOfMatch,1461598913,,302
4320ea,::1,GET,http://localhost/ChampionnatProject/web/app_dev.php/indexOfMatch,1461598913,,302
cbb3d5,::1,GET,http://localhost/ChampionnatProject/web/app_dev.php/indexOfMatch,1461598914,,302
fa325a,::1,GET,http://localhost/ChampionnatProject/web/app_dev.php/indexOfMatch,1461598914,,302
04ec1a,::1,GET,http://localhost/ChampionnatProject/web/app_dev.php/indexOfMatch,1461598914,,302
171e10,::1,GET,http://localhost/ChampionnatProject/web/app_dev.php/indexOfMatch,1461598914,,302
d68ad1,::1,GET,http://localhost/ChampionnatProject/web/app_dev.php/indexOfMatch,1461598919,,302
134307,::1,GET,http://localhost/ChampionnatProject/web/app_dev.php/indexOfMatch,1461598919,,302
daa344,::1,GET,http://localhost/ChampionnatProject/web/app_dev.php/indexOfMatch,1461598919,,302
c36832,::1,GET,http://localhost/ChampionnatProject/web/app_dev.php/indexOfMatch,1461598919,,302
b4c009,::1,GET,http://localhost/ChampionnatProject/web/app_dev.php/indexOfMatch,1461598919,,302
366ab2,::1,GET,http://localhost/ChampionnatProject/web/app_dev.php/indexOfMatch,1461598919,,302
3b3f41,::1,GET,http://localhost/ChampionnatProject/web/app_dev.php/indexOfMatch,1461598919,,302
7b643c,::1,GET,http://localhost/ChampionnatProject/web/app_dev.php/indexOfMatch,1461598919,,302
e4de6a,::1,GET,http://localhost/ChampionnatProject/web/app_dev.php/indexOfMatch,1461598919,,302
4bfa38,::1,GET,http://localhost/ChampionnatProject/web/app_dev.php/indexOfMatch,1461598919,,302
8bbd4e,::1,GET,http://localhost/ChampionnatProject/web/app_dev.php/indexOfMatch,1461598919,,302
577b37,::1,GET,http://localhost/ChampionnatProject/web/app_dev.php/indexOfMatch,1461598919,,302
f752de,::1,GET,http://localhost/ChampionnatProject/web/app_dev.php/indexOfMatch,1461598919,,302
95af57,::1,GET,http://localhost/ChampionnatProject/web/app_dev.php/indexOfMatch,1461598919,,302
9d945a,::1,GET,http://localhost/ChampionnatProject/web/app_dev.php/indexOfMatch,1461598919,,302
d1687e,::1,GET,http://localhost/ChampionnatProject/web/app_dev.php/indexOfMatch,1461598919,,302
efc66c,::1,GET,http://localhost/ChampionnatProject/web/app_dev.php/indexOfMatch,1461598919,,302
ac4442,::1,GET,http://localhost/ChampionnatProject/web/app_dev.php/indexOfMatch,1461598919,,302
3545c2,::1,GET,http://localhost/ChampionnatProject/web/app_dev.php/indexOfMatch,1461598919,,302
1c8ef4,::1,GET,http://localhost/ChampionnatProject/web/app_dev.php/indexOfMatch,1461598919,,302
e43a4e,::1,GET,http://localhost/ChampionnatProject/web/app_dev.php/indexOfMatch,1461598919,,302
bfe979,::1,GET,http://localhost/ChampionnatProject/web/app_dev.php/Index,1461598924,c1cf47,200
c1cf47,::1,GET,http://localhost/ChampionnatProject/web/app_dev.php/Index,1461598924,,404
fb64a1,::1,GET,http://localhost/ChampionnatProject/web/app_dev.php/indexOfMatch,1461598967,,302
4bdc87,::1,GET,http://localhost/ChampionnatProject/web/app_dev.php/indexOfMatch,1461598967,,302
1b60c0,::1,GET,http://localhost/ChampionnatProject/web/app_dev.php/indexOfMatch,1461598967,,302
93e9b2,::1,GET,http://localhost/ChampionnatProject/web/app_dev.php/indexOfMatch,1461598967,,302
769e0f,::1,GET,http://localhost/ChampionnatProject/web/app_dev.php/indexOfMatch,1461598967,,302
c5ddb6,::1,GET,http://localhost/ChampionnatProject/web/app_dev.php/indexOfMatch,1461598967,,302
8644f7,::1,GET,http://localhost/ChampionnatProject/web/app_dev.php/indexOfMatch,1461598967,,302
004600,::1,GET,http://localhost/ChampionnatProject/web/app_dev.php/indexOfMatch,1461598967,,302
9abfa6,::1,GET,http://localhost/ChampionnatProject/web/app_dev.php/indexOfMatch,1461598967,,302
980f3b,::1,GET,http://localhost/ChampionnatProject/web/app_dev.php/indexOfMatch,1461598967,,302
5250a0,::1,GET,http://localhost/ChampionnatProject/web/app_dev.php/indexOfMatch,1461598967,,302
c4728a,::1,GET,http://localhost/ChampionnatProject/web/app_dev.php/indexOfMatch,1461598967,,302
a9467f,::1,GET,http://localhost/ChampionnatProject/web/app_dev.php/indexOfMatch,1461598967,,302
bdfc69,::1,GET,http://localhost/ChampionnatProject/web/app_dev.php/indexOfMatch,1461598968,,302
371e13,::1,GET,http://localhost/ChampionnatProject/web/app_dev.php/indexOfMatch,1461598968,,302
2702f9,::1,GET,http://localhost/ChampionnatProject/web/app_dev.php/indexOfMatch,1461598968,,302
642624,::1,GET,http://localhost/ChampionnatProject/web/app_dev.php/indexOfMatch,1461598968,,302
72679d,::1,GET,http://localhost/ChampionnatProject/web/app_dev.php/indexOfMatch,1461598968,,302
06ff00,::1,GET,http://localhost/ChampionnatProject/web/app_dev.php/indexOfMatch,1461598968,,302
30f283,::1,GET,http://localhost/ChampionnatProject/web/app_dev.php/indexOfMatch,1461598968,,302
8eaecb,::1,GET,http://localhost/ChampionnatProject/web/app_dev.php/indexOfMatch,1461598968,,302
5aabfd,::1,GET,http://localhost/ChampionnatProject/web/app_dev.php/indexOfMatch,1461598969,,302
ba37d5,::1,GET,http://localhost/ChampionnatProject/web/app_dev.php/indexOfMatch,1461598969,,302
6cbbe3,::1,GET,http://localhost/ChampionnatProject/web/app_dev.php/indexOfMatch,1461598969,,302
781dc9,::1,GET,http://localhost/ChampionnatProject/web/app_dev.php/indexOfMatch,1461598969,,302
cb67e9,::1,GET,http://localhost/ChampionnatProject/web/app_dev.php/indexOfMatch,1461598969,,302
34c6ad,::1,GET,http://localhost/ChampionnatProject/web/app_dev.php/indexOfMatch,1461598969,,302
4de9c8,::1,GET,http://localhost/ChampionnatProject/web/app_dev.php/indexOfMatch,1461598969,,302
08a5d6,::1,GET,http://localhost/ChampionnatProject/web/app_dev.php/indexOfMatch,1461598969,,302
225f6a,::1,GET,http://localhost/ChampionnatProject/web/app_dev.php/indexOfMatch,1461598969,,302
29dff9,::1,GET,http://localhost/ChampionnatProject/web/app_dev.php/indexOfMatch,1461598969,,302
1e005f,::1,GET,http://localhost/ChampionnatProject/web/app_dev.php/indexOfMatch,1461598969,,302
e3ab50,::1,GET,http://localhost/ChampionnatProject/web/app_dev.php/indexOfMatch,1461598969,,302
deb7cd,::1,GET,http://localhost/ChampionnatProject/web/app_dev.php/indexOfMatch,1461598969,,302
1cf078,::1,GET,http://localhost/ChampionnatProject/web/app_dev.php/indexOfMatch,1461598969,,302
7a6ddb,::1,GET,http://localhost/ChampionnatProject/web/app_dev.php/indexOfMatch,1461598969,,302
5f8b8f,::1,GET,http://localhost/ChampionnatProject/web/app_dev.php/indexOfMatch,1461598969,,302
5a01be,::1,GET,http://localhost/ChampionnatProject/web/app_dev.php/indexOfMatch,1461598969,,302
b723ba,::1,GET,http://localhost/ChampionnatProject/web/app_dev.php/indexOfMatch,1461598969,,302
9df397,::1,GET,http://localhost/ChampionnatProject/web/app_dev.php/indexOfMatch,1461598969,,302
b102fa,::1,GET,http://localhost/ChampionnatProject/web/app_dev.php/indexOfMatch,1461598969,,302
9bbec1,::1,GET,http://localhost/ChampionnatProject/web/app_dev.php/indexOfMatch,1461598969,,302
06a70a,::1,GET,http://localhost/ChampionnatProject/web/app_dev.php/indexOfMatch,1461598975,,302
cd9c8a,::1,GET,http://localhost/ChampionnatProject/web/app_dev.php/indexOfMatch,1461598975,,302
646d21,::1,GET,http://localhost/ChampionnatProject/web/app_dev.php/indexOfMatch,1461598975,,302
ee1b57,::1,GET,http://localhost/ChampionnatProject/web/app_dev.php/indexOfMatch,1461598975,,302
4a222b,::1,GET,http://localhost/ChampionnatProject/web/app_dev.php/indexOfMatch,1461598975,,302
30b90c,::1,GET,http://localhost/ChampionnatProject/web/app_dev.php/indexOfMatch,1461598975,,302
5e45b7,::1,GET,http://localhost/ChampionnatProject/web/app_dev.php/indexOfMatch,1461598975,,302
fdf034,::1,GET,http://localhost/ChampionnatProject/web/app_dev.php/indexOfMatch,1461598975,,302
11ead0,::1,GET,http://localhost/ChampionnatProject/web/app_dev.php/indexOfMatch,1461598975,,302
be48ec,::1,GET,http://localhost/ChampionnatProject/web/app_dev.php/indexOfMatch,1461598975,,302
f77915,::1,GET,http://localhost/ChampionnatProject/web/app_dev.php/indexOfMatch,1461598975,,302
bbda5e,::1,GET,http://localhost/ChampionnatProject/web/app_dev.php/indexOfMatch,1461598975,,302
4a1c23,::1,GET,http://localhost/ChampionnatProject/web/app_dev.php/indexOfMatch,1461598975,,302
cb648b,::1,GET,http://localhost/ChampionnatProject/web/app_dev.php/indexOfMatch,1461598975,,302
2019ad,::1,GET,http://localhost/ChampionnatProject/web/app_dev.php/indexOfMatch,1461598975,,302
968f49,::1,GET,http://localhost/ChampionnatProject/web/app_dev.php/indexOfMatch,1461598975,,302
41fd14,::1,GET,http://localhost/ChampionnatProject/web/app_dev.php/indexOfMatch,1461598975,,302
00b259,::1,GET,http://localhost/ChampionnatProject/web/app_dev.php/indexOfMatch,1461598975,,302
bed640,::1,GET,http://localhost/ChampionnatProject/web/app_dev.php/indexOfMatch,1461598975,,302
905b50,::1,GET,http://localhost/ChampionnatProject/web/app_dev.php/indexOfMatch,1461598975,,302
e6e9b5,::1,GET,http://localhost/ChampionnatProject/web/app_dev.php/indexOfMatch,1461598975,,302
8e0ef0,::1,GET,http://localhost/ChampionnatProject/web/app_dev.php/indexOfMatch,1461599005,,302
4ef660,::1,GET,http://localhost/ChampionnatProject/web/app_dev.php/indexOfMatch,1461599006,,302
0e5bbd,::1,GET,http://localhost/ChampionnatProject/web/app_dev.php/indexOfMatch,1461599006,,302
3bfe07,::1,GET,http://localhost/ChampionnatProject/web/app_dev.php/indexOfMatch,1461599006,,302
a680ef,::1,GET,http://localhost/ChampionnatProject/web/app_dev.php/indexOfMatch,1461599006,,302
247d53,::1,GET,http://localhost/ChampionnatProject/web/app_dev.php/indexOfMatch,1461599006,,302
26bc8a,::1,GET,http://localhost/ChampionnatProject/web/app_dev.php/indexOfMatch,1461599006,,302
479df6,::1,GET,http://localhost/ChampionnatProject/web/app_dev.php/indexOfMatch,1461599006,,302
efc927,::1,GET,http://localhost/ChampionnatProject/web/app_dev.php/indexOfMatch,1461599006,,302
1221f9,::1,GET,http://localhost/ChampionnatProject/web/app_dev.php/indexOfMatch,1461599006,,302
4f69f4,::1,GET,http://localhost/ChampionnatProject/web/app_dev.php/indexOfMatch,1461599006,,302
c4d233,::1,GET,http://localhost/ChampionnatProject/web/app_dev.php/indexOfMatch,1461599006,,302
72ad8d,::1,GET,http://localhost/ChampionnatProject/web/app_dev.php/indexOfMatch,1461599006,,302
077bc8,::1,GET,http://localhost/ChampionnatProject/web/app_dev.php/indexOfMatch,1461599006,,302
88d704,::1,GET,http://localhost/ChampionnatProject/web/app_dev.php/indexOfMatch,1461599006,,302
a83637,::1,GET,http://localhost/ChampionnatProject/web/app_dev.php/indexOfMatch,1461599006,,302
afedcc,::1,GET,http://localhost/ChampionnatProject/web/app_dev.php/indexOfMatch,1461599006,,302
09af7f,::1,GET,http://localhost/ChampionnatProject/web/app_dev.php/indexOfMatch,1461599006,,302
80f5cf,::1,GET,http://localhost/ChampionnatProject/web/app_dev.php/indexOfMatch,1461599006,,302
758f06,::1,GET,http://localhost/ChampionnatProject/web/app_dev.php/indexOfMatch,1461599006,,302
26050e,::1,GET,http://localhost/ChampionnatProject/web/app_dev.php/indexOfMatch,1461599006,,302
8fd577,::1,GET,http://localhost/ChampionnatProject/web/app_dev.php/indexOfMatch,1461599011,,302
d8161a,::1,GET,http://localhost/ChampionnatProject/web/app_dev.php/indexOfMatch,1461599011,,302
42d412,::1,GET,http://localhost/ChampionnatProject/web/app_dev.php/indexOfMatch,1461599011,,302
87d3d8,::1,GET,http://localhost/ChampionnatProject/web/app_dev.php/indexOfMatch,1461599011,,302
83e70c,::1,GET,http://localhost/ChampionnatProject/web/app_dev.php/indexOfMatch,1461599011,,302
2645b7,::1,GET,http://localhost/ChampionnatProject/web/app_dev.php/indexOfMatch,1461599011,,302
e2b386,::1,GET,http://localhost/ChampionnatProject/web/app_dev.php/indexOfMatch,1461599011,,302
e403cf,::1,GET,http://localhost/ChampionnatProject/web/app_dev.php/indexOfMatch,1461599012,,302
0d06a5,::1,GET,http://localhost/ChampionnatProject/web/app_dev.php/indexOfMatch,1461599012,,302
0f2046,::1,GET,http://localhost/ChampionnatProject/web/app_dev.php/indexOfMatch,1461599012,,302
01a1c6,::1,GET,http://localhost/ChampionnatProject/web/app_dev.php/indexOfMatch,1461599012,,302
55388c,::1,GET,http://localhost/ChampionnatProject/web/app_dev.php/indexOfMatch,1461599012,,302
426b9a,::1,GET,http://localhost/ChampionnatProject/web/app_dev.php/indexOfMatch,1461599012,,302
f6591f,::1,GET,http://localhost/ChampionnatProject/web/app_dev.php/indexOfMatch,1461599012,,302
085692,::1,GET,http://localhost/ChampionnatProject/web/app_dev.php/indexOfMatch,1461599012,,302
2a1639,::1,GET,http://localhost/ChampionnatProject/web/app_dev.php/indexOfMatch,1461599012,,302
202053,::1,GET,http://localhost/ChampionnatProject/web/app_dev.php/indexOfMatch,1461599012,,302
904a29,::1,GET,http://localhost/ChampionnatProject/web/app_dev.php/indexOfMatch,1461599012,,302
a8fd77,::1,GET,http://localhost/ChampionnatProject/web/app_dev.php/indexOfMatch,1461599012,,302
91971b,::1,GET,http://localhost/ChampionnatProject/web/app_dev.php/indexOfMatch,1461599012,,302
1d1f0b,::1,GET,http://localhost/ChampionnatProject/web/app_dev.php/indexOfMatch,1461599012,,302
48f833,::1,GET,http://localhost/ChampionnatProject/web/app_dev.php/indexOfMatch,1461599072,,302
2978e5,::1,GET,http://localhost/ChampionnatProject/web/app_dev.php/indexOfMatch,1461599072,,302
b161fa,::1,GET,http://localhost/ChampionnatProject/web/app_dev.php/indexOfMatch,1461599072,,302
c114db,::1,GET,http://localhost/ChampionnatProject/web/app_dev.php/indexOfMatch,1461599072,,302
bdfebb,::1,GET,http://localhost/ChampionnatProject/web/app_dev.php/indexOfMatch,1461599072,,302
92ce47,::1,GET,http://localhost/ChampionnatProject/web/app_dev.php/indexOfMatch,1461599072,,302
c34c61,::1,GET,http://localhost/ChampionnatProject/web/app_dev.php/indexOfMatch,1461599072,,302
446293,::1,GET,http://localhost/ChampionnatProject/web/app_dev.php/indexOfMatch,1461599072,,302
d095c6,::1,GET,http://localhost/ChampionnatProject/web/app_dev.php/indexOfMatch,1461599072,,302
77964a,::1,GET,http://localhost/ChampionnatProject/web/app_dev.php/indexOfMatch,1461599072,,302
8fb61c,::1,GET,http://localhost/ChampionnatProject/web/app_dev.php/indexOfMatch,1461599072,,302
0aace4,::1,GET,http://localhost/ChampionnatProject/web/app_dev.php/indexOfMatch,1461599072,,302
c1200a,::1,GET,http://localhost/ChampionnatProject/web/app_dev.php/indexOfMatch,1461599073,,302
1053bd,::1,GET,http://localhost/ChampionnatProject/web/app_dev.php/indexOfMatch,1461599073,,302
92cd49,::1,GET,http://localhost/ChampionnatProject/web/app_dev.php/indexOfMatch,1461599073,,302
9d3b2b,::1,GET,http://localhost/ChampionnatProject/web/app_dev.php/indexOfMatch,1461599073,,302
3c0f39,::1,GET,http://localhost/ChampionnatProject/web/app_dev.php/indexOfMatch,1461599073,,302
ae1def,::1,GET,http://localhost/ChampionnatProject/web/app_dev.php/indexOfMatch,1461599073,,302
8b766b,::1,GET,http://localhost/ChampionnatProject/web/app_dev.php/indexOfMatch,1461599073,,302
3629bc,::1,GET,http://localhost/ChampionnatProject/web/app_dev.php/indexOfMatch,1461599073,,302
0950bd,::1,GET,http://localhost/ChampionnatProject/web/app_dev.php/indexOfMatch,1461599073,,302
239d40,::1,GET,http://localhost/ChampionnatProject/web/app_dev.php/indexOfMatch,1461599171,,302
72c0cd,::1,GET,http://localhost/ChampionnatProject/web/app_dev.php/indexOfMatch,1461599171,,302
2bacc6,::1,GET,http://localhost/ChampionnatProject/web/app_dev.php/indexOfMatch,1461599171,,302
ff0121,::1,GET,http://localhost/ChampionnatProject/web/app_dev.php/indexOfMatch,1461599171,,302
d202a5,::1,GET,http://localhost/ChampionnatProject/web/app_dev.php/indexOfMatch,1461599171,,302
5114ad,::1,GET,http://localhost/ChampionnatProject/web/app_dev.php/indexOfMatch,1461599171,,302
adeae9,::1,GET,http://localhost/ChampionnatProject/web/app_dev.php/indexOfMatch,1461599171,,302
0ad7c5,::1,GET,http://localhost/ChampionnatProject/web/app_dev.php/indexOfMatch,1461599171,,302
316b6b,::1,GET,http://localhost/ChampionnatProject/web/app_dev.php/indexOfMatch,1461599171,,302
7a673f,::1,GET,http://localhost/ChampionnatProject/web/app_dev.php/indexOfMatch,1461599171,,302
003887,::1,GET,http://localhost/ChampionnatProject/web/app_dev.php/indexOfMatch,1461599172,,302
629647,::1,GET,http://localhost/ChampionnatProject/web/app_dev.php/indexOfMatch,1461599172,,302
d80c30,::1,GET,http://localhost/ChampionnatProject/web/app_dev.php/indexOfMatch,1461599172,,302
190548,::1,GET,http://localhost/ChampionnatProject/web/app_dev.php/indexOfMatch,1461599172,,302
a4fc7c,::1,GET,http://localhost/ChampionnatProject/web/app_dev.php/indexOfMatch,1461599172,,302
fd80ff,::1,GET,http://localhost/ChampionnatProject/web/app_dev.php/indexOfMatch,1461599172,,302
cf2d26,::1,GET,http://localhost/ChampionnatProject/web/app_dev.php/indexOfMatch,1461599172,,302
5fb9c3,::1,GET,http://localhost/ChampionnatProject/web/app_dev.php/indexOfMatch,1461599172,,302
8b4710,::1,GET,http://localhost/ChampionnatProject/web/app_dev.php/indexOfMatch,1461599172,,302
05fc2a,::1,GET,http://localhost/ChampionnatProject/web/app_dev.php/indexOfMatch,1461599172,,302
67c552,::1,GET,http://localhost/ChampionnatProject/web/app_dev.php/indexOfMatch,1461599172,,302
40912c,::1,GET,http://localhost/ChampionnatProject/web/app_dev.php/indexOfMatch,1461599472,,302
fede4a,::1,GET,http://localhost/ChampionnatProject/web/app_dev.php/indexOfMatch,1461599472,,302
0deb7b,::1,GET,http://localhost/ChampionnatProject/web/app_dev.php/indexOfMatch,1461599472,,302
af12bc,::1,GET,http://localhost/ChampionnatProject/web/app_dev.php/indexOfMatch,1461599472,,302
1aa605,::1,GET,http://localhost/ChampionnatProject/web/app_dev.php/indexOfMatch,1461599472,,302
53c0f1,::1,GET,http://localhost/ChampionnatProject/web/app_dev.php/indexOfMatch,1461599472,,302
ae1fd7,::1,GET,http://localhost/ChampionnatProject/web/app_dev.php/indexOfMatch,1461599472,,302
387c47,::1,GET,http://localhost/ChampionnatProject/web/app_dev.php/indexOfMatch,1461599472,,302
a38110,::1,GET,http://localhost/ChampionnatProject/web/app_dev.php/indexOfMatch,1461599472,,302
482b1b,::1,GET,http://localhost/ChampionnatProject/web/app_dev.php/indexOfMatch,1461599472,,302
c432c4,::1,GET,http://localhost/ChampionnatProject/web/app_dev.php/indexOfMatch,1461599472,,302
09b08d,::1,GET,http://localhost/ChampionnatProject/web/app_dev.php/indexOfMatch,1461599472,,302
9af2c6,::1,GET,http://localhost/ChampionnatProject/web/app_dev.php/indexOfMatch,1461599472,,302
0fe23b,::1,GET,http://localhost/ChampionnatProject/web/app_dev.php/indexOfMatch,1461599472,,302
a741b2,::1,GET,http://localhost/ChampionnatProject/web/app_dev.php/indexOfMatch,1461599472,,302
cf7497,::1,GET,http://localhost/ChampionnatProject/web/app_dev.php/indexOfMatch,1461599472,,302
9c6eff,::1,GET,http://localhost/ChampionnatProject/web/app_dev.php/indexOfMatch,1461599473,,302
c4b98d,::1,GET,http://localhost/ChampionnatProject/web/app_dev.php/indexOfMatch,1461599473,,302
6d0372,::1,GET,http://localhost/ChampionnatProject/web/app_dev.php/indexOfMatch,1461599473,,302
db2fbb,::1,GET,http://localhost/ChampionnatProject/web/app_dev.php/indexOfMatch,1461599473,,302
c728cd,::1,GET,http://localhost/ChampionnatProject/web/app_dev.php/indexOfMatch,1461599473,,302
397b04,::1,GET,http://localhost/ChampionnatProject/web/app_dev.php/indexOfMatch,1461599524,,302
7f1a17,::1,GET,http://localhost/ChampionnatProject/web/app_dev.php/indexOfMatch,1461599524,,302
17ba8a,::1,GET,http://localhost/ChampionnatProject/web/app_dev.php/indexOfMatch,1461599524,,302
b52756,::1,GET,http://localhost/ChampionnatProject/web/app_dev.php/indexOfMatch,1461599524,,302
d72f24,::1,GET,http://localhost/ChampionnatProject/web/app_dev.php/indexOfMatch,1461599524,,302
a06bb0,::1,GET,http://localhost/ChampionnatProject/web/app_dev.php/indexOfMatch,1461599524,,302
2e3a50,::1,GET,http://localhost/ChampionnatProject/web/app_dev.php/indexOfMatch,1461599524,,302
f58022,::1,GET,http://localhost/ChampionnatProject/web/app_dev.php/indexOfMatch,1461599524,,302
0cbd9c,::1,GET,http://localhost/ChampionnatProject/web/app_dev.php/indexOfMatch,1461599524,,302
679dbc,::1,GET,http://localhost/ChampionnatProject/web/app_dev.php/indexOfMatch,1461599524,,302
752d85,::1,GET,http://localhost/ChampionnatProject/web/app_dev.php/indexOfMatch,1461599524,,302
6848c5,::1,GET,http://localhost/ChampionnatProject/web/app_dev.php/indexOfMatch,1461599524,,302
6acb71,::1,GET,http://localhost/ChampionnatProject/web/app_dev.php/indexOfMatch,1461599524,,302
cbcde6,::1,GET,http://localhost/ChampionnatProject/web/app_dev.php/indexOfMatch,1461599524,,302
11ca99,::1,GET,http://localhost/ChampionnatProject/web/app_dev.php/indexOfMatch,1461599524,,302
be5e53,::1,GET,http://localhost/ChampionnatProject/web/app_dev.php/indexOfMatch,1461599524,,302
8a590d,::1,GET,http://localhost/ChampionnatProject/web/app_dev.php/indexOfMatch,1461599524,,302
61c060,::1,GET,http://localhost/ChampionnatProject/web/app_dev.php/indexOfMatch,1461599524,,302
bb9a6a,::1,GET,http://localhost/ChampionnatProject/web/app_dev.php/indexOfMatch,1461599524,,302
579740,::1,GET,http://localhost/ChampionnatProject/web/app_dev.php/indexOfMatch,1461599524,,302
02954a,::1,GET,http://localhost/ChampionnatProject/web/app_dev.php/indexOfMatch,1461599524,,302
ab1fd9,::1,GET,http://localhost/ChampionnatProject/web/app_dev.php/indexOfMatch,1461600172,6c1923,200
6c1923,::1,GET,http://localhost/ChampionnatProject/web/app_dev.php/indexOfMatch,1461600173,,500
2c40ff,::1,GET,http://localhost/ChampionnatProject/web/app_dev.php/indexOfMatch,1461600174,99d5de,200
99d5de,::1,GET,http://localhost/ChampionnatProject/web/app_dev.php/indexOfMatch,1461600174,,500
827317,::1,GET,http://localhost/ChampionnatProject/web/app_dev.php/indexOfMatch,1461600190,,302
282913,::1,GET,http://localhost/ChampionnatProject/web/app_dev.php/indexOfMatch,1461600190,,302
801dcf,::1,GET,http://localhost/ChampionnatProject/web/app_dev.php/indexOfMatch,1461600190,,302
d696db,::1,GET,http://localhost/ChampionnatProject/web/app_dev.php/indexOfMatch,1461600190,,302
1dd2fd,::1,GET,http://localhost/ChampionnatProject/web/app_dev.php/indexOfMatch,1461600191,,302
ef0916,::1,GET,http://localhost/ChampionnatProject/web/app_dev.php/indexOfMatch,1461600191,,302
603598,::1,GET,http://localhost/ChampionnatProject/web/app_dev.php/indexOfMatch,1461600191,,302
330815,::1,GET,http://localhost/ChampionnatProject/web/app_dev.php/indexOfMatch,1461600191,,302
8ee21a,::1,GET,http://localhost/ChampionnatProject/web/app_dev.php/indexOfMatch,1461600191,,302
79f220,::1,GET,http://localhost/ChampionnatProject/web/app_dev.php/indexOfMatch,1461600191,,302
addffd,::1,GET,http://localhost/ChampionnatProject/web/app_dev.php/indexOfMatch,1461600191,,302
4c6730,::1,GET,http://localhost/ChampionnatProject/web/app_dev.php/indexOfMatch,1461600191,,302
8d3880,::1,GET,http://localhost/ChampionnatProject/web/app_dev.php/indexOfMatch,1461600191,,302
1c6f75,::1,GET,http://localhost/ChampionnatProject/web/app_dev.php/indexOfMatch,1461600191,,302
426ba0,::1,GET,http://localhost/ChampionnatProject/web/app_dev.php/indexOfMatch,1461600191,,302
243aeb,::1,GET,http://localhost/ChampionnatProject/web/app_dev.php/indexOfMatch,1461600191,,302
a775ca,::1,GET,http://localhost/ChampionnatProject/web/app_dev.php/indexOfMatch,1461600191,,302
8eebc0,::1,GET,http://localhost/ChampionnatProject/web/app_dev.php/indexOfMatch,1461600191,,302
eddf65,::1,GET,http://localhost/ChampionnatProject/web/app_dev.php/indexOfMatch,1461600191,,302
40a27d,::1,GET,http://localhost/ChampionnatProject/web/app_dev.php/indexOfMatch,1461600191,,302
c5232e,::1,GET,http://localhost/ChampionnatProject/web/app_dev.php/indexOfMatch,1461600191,,302
19e558,::1,GET,http://localhost/ChampionnatProject/web/app_dev.php/indexOfMatch,1461600191,,302
9a0dac,::1,GET,http://localhost/ChampionnatProject/web/app_dev.php/indexOfMatch,1461600191,,302
dd6ec2,::1,GET,http://localhost/ChampionnatProject/web/app_dev.php/indexOfMatch,1461600191,,302
235e72,::1,GET,http://localhost/ChampionnatProject/web/app_dev.php/indexOfMatch,1461600191,,302
409ec8,::1,GET,http://localhost/ChampionnatProject/web/app_dev.php/indexOfMatch,1461600191,,302
1786d5,::1,GET,http://localhost/ChampionnatProject/web/app_dev.php/indexOfMatch,1461600191,,302
ed791d,::1,GET,http://localhost/ChampionnatProject/web/app_dev.php/indexOfMatch,1461600191,,302
e5cd7a,::1,GET,http://localhost/ChampionnatProject/web/app_dev.php/indexOfMatch,1461600191,,302
4272e2,::1,GET,http://localhost/ChampionnatProject/web/app_dev.php/indexOfMatch,1461600191,,302
fa518f,::1,GET,http://localhost/ChampionnatProject/web/app_dev.php/indexOfMatch,1461600192,,302
d53b48,::1,GET,http://localhost/ChampionnatProject/web/app_dev.php/indexOfMatch,1461600192,,302
6e4f3f,::1,GET,http://localhost/ChampionnatProject/web/app_dev.php/indexOfMatch,1461600192,,302
b1975a,::1,GET,http://localhost/ChampionnatProject/web/app_dev.php/indexOfMatch,1461600192,,302
b759a9,::1,GET,http://localhost/ChampionnatProject/web/app_dev.php/indexOfMatch,1461600192,,302
da83ce,::1,GET,http://localhost/ChampionnatProject/web/app_dev.php/indexOfMatch,1461600192,,302
8e7a6b,::1,GET,http://localhost/ChampionnatProject/web/app_dev.php/indexOfMatch,1461600192,,302
414d8f,::1,GET,http://localhost/ChampionnatProject/web/app_dev.php/indexOfMatch,1461600192,,302
a2b5f4,::1,GET,http://localhost/ChampionnatProject/web/app_dev.php/indexOfMatch,1461600192,,302
bb77f4,::1,GET,http://localhost/ChampionnatProject/web/app_dev.php/indexOfMatch,1461600192,,302
7695e1,::1,GET,http://localhost/ChampionnatProject/web/app_dev.php/indexOfMatch,1461600192,,302
971cd6,::1,GET,http://localhost/ChampionnatProject/web/app_dev.php/indexOfMatch,1461600192,,302
21ee00,::1,GET,http://localhost/ChampionnatProject/web/app_dev.php/indexOfMatch,1461600197,,302
18f342,::1,GET,http://localhost/ChampionnatProject/web/app_dev.php/indexOfMatch,1461600197,,302
70fd87,::1,GET,http://localhost/ChampionnatProject/web/app_dev.php/indexOfMatch,1461600197,,302
c7b591,::1,GET,http://localhost/ChampionnatProject/web/app_dev.php/indexOfMatch,1461600197,,302
f4c8b6,::1,GET,http://localhost/ChampionnatProject/web/app_dev.php/indexOfMatch,1461600197,,302
cda96d,::1,GET,http://localhost/ChampionnatProject/web/app_dev.php/indexOfMatch,1461600197,,302
4431c7,::1,GET,http://localhost/ChampionnatProject/web/app_dev.php/indexOfMatch,1461600197,,302
98a342,::1,GET,http://localhost/ChampionnatProject/web/app_dev.php/indexOfMatch,1461600197,,302
2acbd7,::1,GET,http://localhost/ChampionnatProject/web/app_dev.php/indexOfMatch,1461600197,,302
83b52e,::1,GET,http://localhost/ChampionnatProject/web/app_dev.php/indexOfMatch,1461600197,,302
64e109,::1,GET,http://localhost/ChampionnatProject/web/app_dev.php/indexOfMatch,1461600197,,302
0f06cf,::1,GET,http://localhost/ChampionnatProject/web/app_dev.php/indexOfMatch,1461600197,,302
f90ddf,::1,GET,http://localhost/ChampionnatProject/web/app_dev.php/indexOfMatch,1461600197,,302
9d1292,::1,GET,http://localhost/ChampionnatProject/web/app_dev.php/indexOfMatch,1461600197,,302
6236af,::1,GET,http://localhost/ChampionnatProject/web/app_dev.php/indexOfMatch,1461600198,,302
bbe27a,::1,GET,http://localhost/ChampionnatProject/web/app_dev.php/indexOfMatch,1461600198,,302
32ac49,::1,GET,http://localhost/ChampionnatProject/web/app_dev.php/indexOfMatch,1461600198,,302
5e2d31,::1,GET,http://localhost/ChampionnatProject/web/app_dev.php/indexOfMatch,1461600198,,302
b07089,::1,GET,http://localhost/ChampionnatProject/web/app_dev.php/indexOfMatch,1461600198,,302
62f538,::1,GET,http://localhost/ChampionnatProject/web/app_dev.php/indexOfMatch,1461600198,,302
87ad72,::1,GET,http://localhost/ChampionnatProject/web/app_dev.php/indexOfMatch,1461600198,,302
c01e2e,::1,GET,http://localhost/ChampionnatProject/web/app_dev.php/indexOfMatch,1461600228,,302
cee5f0,::1,GET,http://localhost/ChampionnatProject/web/app_dev.php/indexOfMatch,1461600228,,302
3d6af1,::1,GET,http://localhost/ChampionnatProject/web/app_dev.php/indexOfMatch,1461600228,,302
8c3cdd,::1,GET,http://localhost/ChampionnatProject/web/app_dev.php/indexOfMatch,1461600228,,302
99f1da,::1,GET,http://localhost/ChampionnatProject/web/app_dev.php/indexOfMatch,1461600228,,302
0d8353,::1,GET,http://localhost/ChampionnatProject/web/app_dev.php/indexOfMatch,1461600228,,302
3ea8f7,::1,GET,http://localhost/ChampionnatProject/web/app_dev.php/indexOfMatch,1461600228,,302
acaacf,::1,GET,http://localhost/ChampionnatProject/web/app_dev.php/indexOfMatch,1461600228,,302
f0ed43,::1,GET,http://localhost/ChampionnatProject/web/app_dev.php/indexOfMatch,1461600228,,302
d7b482,::1,GET,http://localhost/ChampionnatProject/web/app_dev.php/indexOfMatch,1461600228,,302
8dd788,::1,GET,http://localhost/ChampionnatProject/web/app_dev.php/indexOfMatch,1461600228,,302
ccb68f,::1,GET,http://localhost/ChampionnatProject/web/app_dev.php/indexOfMatch,1461600228,,302
32da5f,::1,GET,http://localhost/ChampionnatProject/web/app_dev.php/indexOfMatch,1461600228,,302
2d54d7,::1,GET,http://localhost/ChampionnatProject/web/app_dev.php/indexOfMatch,1461600228,,302
4bed36,::1,GET,http://localhost/ChampionnatProject/web/app_dev.php/indexOfMatch,1461600228,,302
100554,::1,GET,http://localhost/ChampionnatProject/web/app_dev.php/indexOfMatch,1461600228,,302
ef167f,::1,GET,http://localhost/ChampionnatProject/web/app_dev.php/indexOfMatch,1461600228,,302
0799e2,::1,GET,http://localhost/ChampionnatProject/web/app_dev.php/indexOfMatch,1461600229,,302
44b3e0,::1,GET,http://localhost/ChampionnatProject/web/app_dev.php/indexOfMatch,1461600229,,302
3c1127,::1,GET,http://localhost/ChampionnatProject/web/app_dev.php/indexOfMatch,1461600229,,302
e470df,::1,GET,http://localhost/ChampionnatProject/web/app_dev.php/indexOfMatch,1461600229,,302
075459,::1,GET,http://localhost/ChampionnatProject/web/app_dev.php/indexOfMatch,1461600230,,302
a5bf38,::1,GET,http://localhost/ChampionnatProject/web/app_dev.php/indexOfMatch,1461600230,,302
84813a,::1,GET,http://localhost/ChampionnatProject/web/app_dev.php/indexOfMatch,1461600230,,302
12dc8b,::1,GET,http://localhost/ChampionnatProject/web/app_dev.php/indexOfMatch,1461600230,,302
ce16f4,::1,GET,http://localhost/ChampionnatProject/web/app_dev.php/indexOfMatch,1461600230,,302
a2b4ba,::1,GET,http://localhost/ChampionnatProject/web/app_dev.php/indexOfMatch,1461600230,,302
de0e7b,::1,GET,http://localhost/ChampionnatProject/web/app_dev.php/indexOfMatch,1461600230,,302
c65b76,::1,GET,http://localhost/ChampionnatProject/web/app_dev.php/indexOfMatch,1461600230,,302
43a241,::1,GET,http://localhost/ChampionnatProject/web/app_dev.php/indexOfMatch,1461600230,,302
4fa94f,::1,GET,http://localhost/ChampionnatProject/web/app_dev.php/indexOfMatch,1461600230,,302
6d9e55,::1,GET,http://localhost/ChampionnatProject/web/app_dev.php/indexOfMatch,1461600231,,302
899bca,::1,GET,http://localhost/ChampionnatProject/web/app_dev.php/indexOfMatch,1461600231,,302
00ca2c,::1,GET,http://localhost/ChampionnatProject/web/app_dev.php/indexOfMatch,1461600231,,302
4dbd99,::1,GET,http://localhost/ChampionnatProject/web/app_dev.php/indexOfMatch,1461600231,,302
c9dc05,::1,GET,http://localhost/ChampionnatProject/web/app_dev.php/indexOfMatch,1461600231,,302
86cca0,::1,GET,http://localhost/ChampionnatProject/web/app_dev.php/indexOfMatch,1461600231,,302
f5bac0,::1,GET,http://localhost/ChampionnatProject/web/app_dev.php/indexOfMatch,1461600231,,302
1fb969,::1,GET,http://localhost/ChampionnatProject/web/app_dev.php/indexOfMatch,1461600231,,302
02e2c9,::1,GET,http://localhost/ChampionnatProject/web/app_dev.php/indexOfMatch,1461600231,,302
bb977f,::1,GET,http://localhost/ChampionnatProject/web/app_dev.php/indexOfMatch,1461600231,,302
f81c8f,::1,GET,http://localhost/ChampionnatProject/web/app_dev.php/indexOfMatch,1461600231,,302
1da796,::1,GET,http://localhost/ChampionnatProject/web/app_dev.php/indexOfMatch,1461600291,,302
45bbe9,::1,GET,http://localhost/ChampionnatProject/web/app_dev.php/indexOfMatch,1461600291,,302
4736d8,::1,GET,http://localhost/ChampionnatProject/web/app_dev.php/indexOfMatch,1461600291,,302
194daf,::1,GET,http://localhost/ChampionnatProject/web/app_dev.php/indexOfMatch,1461600291,,302
380fac,::1,GET,http://localhost/ChampionnatProject/web/app_dev.php/indexOfMatch,1461600291,,302
12a98f,::1,GET,http://localhost/ChampionnatProject/web/app_dev.php/indexOfMatch,1461600291,,302
42e389,::1,GET,http://localhost/ChampionnatProject/web/app_dev.php/indexOfMatch,1461600291,,302
f6c757,::1,GET,http://localhost/ChampionnatProject/web/app_dev.php/indexOfMatch,1461600291,,302
5278f9,::1,GET,http://localhost/ChampionnatProject/web/app_dev.php/indexOfMatch,1461600291,,302
97d481,::1,GET,http://localhost/ChampionnatProject/web/app_dev.php/indexOfMatch,1461600291,,302
720aae,::1,GET,http://localhost/ChampionnatProject/web/app_dev.php/indexOfMatch,1461600291,,302
7adb96,::1,GET,http://localhost/ChampionnatProject/web/app_dev.php/indexOfMatch,1461600291,,302
cf82c4,::1,GET,http://localhost/ChampionnatProject/web/app_dev.php/indexOfMatch,1461600291,,302
52bb3c,::1,GET,http://localhost/ChampionnatProject/web/app_dev.php/indexOfMatch,1461600292,,302
ba9b27,::1,GET,http://localhost/ChampionnatProject/web/app_dev.php/indexOfMatch,1461600292,,302
44bd59,::1,GET,http://localhost/ChampionnatProject/web/app_dev.php/indexOfMatch,1461600292,,302
bb0549,::1,GET,http://localhost/ChampionnatProject/web/app_dev.php/indexOfMatch,1461600292,,302
ef933c,::1,GET,http://localhost/ChampionnatProject/web/app_dev.php/indexOfMatch,1461600292,,302
b91faa,::1,GET,http://localhost/ChampionnatProject/web/app_dev.php/indexOfMatch,1461600292,,302
5720d1,::1,GET,http://localhost/ChampionnatProject/web/app_dev.php/indexOfMatch,1461600292,,302
abb50f,::1,GET,http://localhost/ChampionnatProject/web/app_dev.php/indexOfMatch,1461600292,,302
598eb2,::1,GET,http://localhost/ChampionnatProject/web/app_dev.php/indexOfMatch,1461600460,bac727,200
bac727,::1,GET,http://localhost/ChampionnatProject/web/app_dev.php/indexOfMatch,1461600460,,500
89cd3c,::1,GET,http://localhost/ChampionnatProject/web/app_dev.php/indexOfMatch,1461600531,28a09b,200
28a09b,::1,GET,http://localhost/ChampionnatProject/web/app_dev.php/indexOfMatch,1461600531,,500
e329b5,::1,GET,http://localhost/ChampionnatProject/web/app_dev.php/indexOfMatch,1461600554,,302
784e07,::1,GET,http://localhost/ChampionnatProject/web/app_dev.php/indexOfMatch,1461600554,,302
285061,::1,GET,http://localhost/ChampionnatProject/web/app_dev.php/indexOfMatch,1461600554,,302
620cfe,::1,GET,http://localhost/ChampionnatProject/web/app_dev.php/indexOfMatch,1461600554,,302
40dea3,::1,GET,http://localhost/ChampionnatProject/web/app_dev.php/indexOfMatch,1461600554,,302
6b81f2,::1,GET,http://localhost/ChampionnatProject/web/app_dev.php/indexOfMatch,1461600554,,302
38d200,::1,GET,http://localhost/ChampionnatProject/web/app_dev.php/indexOfMatch,1461600554,,302
3faa56,::1,GET,http://localhost/ChampionnatProject/web/app_dev.php/indexOfMatch,1461600554,,302
f8e413,::1,GET,http://localhost/ChampionnatProject/web/app_dev.php/indexOfMatch,1461600554,,302
1a91dc,::1,GET,http://localhost/ChampionnatProject/web/app_dev.php/indexOfMatch,1461600554,,302
00601a,::1,GET,http://localhost/ChampionnatProject/web/app_dev.php/indexOfMatch,1461600554,,302
3aa452,::1,GET,http://localhost/ChampionnatProject/web/app_dev.php/indexOfMatch,1461600554,,302
de8b2a,::1,GET,http://localhost/ChampionnatProject/web/app_dev.php/indexOfMatch,1461600555,,302
06335c,::1,GET,http://localhost/ChampionnatProject/web/app_dev.php/indexOfMatch,1461600555,,302
ddd35a,::1,GET,http://localhost/ChampionnatProject/web/app_dev.php/indexOfMatch,1461600555,,302
330f70,::1,GET,http://localhost/ChampionnatProject/web/app_dev.php/indexOfMatch,1461600555,,302
e62671,::1,GET,http://localhost/ChampionnatProject/web/app_dev.php/indexOfMatch,1461600555,,302
011b83,::1,GET,http://localhost/ChampionnatProject/web/app_dev.php/indexOfMatch,1461600555,,302
07fe2c,::1,GET,http://localhost/ChampionnatProject/web/app_dev.php/indexOfMatch,1461600555,,302
84b534,::1,GET,http://localhost/ChampionnatProject/web/app_dev.php/indexOfMatch,1461600555,,302
980b3e,::1,GET,http://localhost/ChampionnatProject/web/app_dev.php/indexOfMatch,1461600555,,302
71f6d3,::1,GET,http://localhost/ChampionnatProject/web/app_dev.php/indexOfMatch,1461600555,,302
c9b5a2,::1,GET,http://localhost/ChampionnatProject/web/app_dev.php/indexOfMatch,1461600555,,302
6c3bdb,::1,GET,http://localhost/ChampionnatProject/web/app_dev.php/indexOfMatch,1461600555,,302
4f882d,::1,GET,http://localhost/ChampionnatProject/web/app_dev.php/indexOfMatch,1461600555,,302
dd8702,::1,GET,http://localhost/ChampionnatProject/web/app_dev.php/indexOfMatch,1461600555,,302
3a1d4a,::1,GET,http://localhost/ChampionnatProject/web/app_dev.php/indexOfMatch,1461600555,,302
2c2631,::1,GET,http://localhost/ChampionnatProject/web/app_dev.php/indexOfMatch,1461600555,,302
26defe,::1,GET,http://localhost/ChampionnatProject/web/app_dev.php/indexOfMatch,1461600555,,302
fd03fa,::1,GET,http://localhost/ChampionnatProject/web/app_dev.php/indexOfMatch,1461600555,,302
6a819c,::1,GET,http://localhost/ChampionnatProject/web/app_dev.php/indexOfMatch,1461600555,,302
ca3272,::1,GET,http://localhost/ChampionnatProject/web/app_dev.php/indexOfMatch,1461600555,,302
f7d8dd,::1,GET,http://localhost/ChampionnatProject/web/app_dev.php/indexOfMatch,1461600555,,302
e780a0,::1,GET,http://localhost/ChampionnatProject/web/app_dev.php/indexOfMatch,1461600555,,302
bfd623,::1,GET,http://localhost/ChampionnatProject/web/app_dev.php/indexOfMatch,1461600555,,302
a6629a,::1,GET,http://localhost/ChampionnatProject/web/app_dev.php/indexOfMatch,1461600555,,302
7bf65f,::1,GET,http://localhost/ChampionnatProject/web/app_dev.php/indexOfMatch,1461600555,,302
93ebd1,::1,GET,http://localhost/ChampionnatProject/web/app_dev.php/indexOfMatch,1461600556,,302
bae3af,::1,GET,http://localhost/ChampionnatProject/web/app_dev.php/indexOfMatch,1461600556,,302
85cad6,::1,GET,http://localhost/ChampionnatProject/web/app_dev.php/indexOfMatch,1461600556,,302
ef4bfd,::1,GET,http://localhost/ChampionnatProject/web/app_dev.php/indexOfMatch,1461600556,,302
5b2a73,::1,GET,http://localhost/ChampionnatProject/web/app_dev.php/indexOfMatch,1461600556,,302
f970f0,::1,GET,http://localhost/ChampionnatProject/web/app_dev.php/indexOfMatch,1461600561,,302
dfe00a,::1,GET,http://localhost/ChampionnatProject/web/app_dev.php/indexOfMatch,1461600561,,302
6f7d3c,::1,GET,http://localhost/ChampionnatProject/web/app_dev.php/indexOfMatch,1461600561,,302
e8d7e4,::1,GET,http://localhost/ChampionnatProject/web/app_dev.php/indexOfMatch,1461600561,,302
c30fa1,::1,GET,http://localhost/ChampionnatProject/web/app_dev.php/indexOfMatch,1461600561,,302
ccadc6,::1,GET,http://localhost/ChampionnatProject/web/app_dev.php/indexOfMatch,1461600561,,302
6c1731,::1,GET,http://localhost/ChampionnatProject/web/app_dev.php/indexOfMatch,1461600561,,302
3f493e,::1,GET,http://localhost/ChampionnatProject/web/app_dev.php/indexOfMatch,1461600561,,302
713208,::1,GET,http://localhost/ChampionnatProject/web/app_dev.php/indexOfMatch,1461600561,,302
8a4177,::1,GET,http://localhost/ChampionnatProject/web/app_dev.php/indexOfMatch,1461600561,,302
9cf7cf,::1,GET,http://localhost/ChampionnatProject/web/app_dev.php/indexOfMatch,1461600561,,302
160cc2,::1,GET,http://localhost/ChampionnatProject/web/app_dev.php/indexOfMatch,1461600561,,302
7060b4,::1,GET,http://localhost/ChampionnatProject/web/app_dev.php/indexOfMatch,1461600561,,302
560acb,::1,GET,http://localhost/ChampionnatProject/web/app_dev.php/indexOfMatch,1461600561,,302
5a7d71,::1,GET,http://localhost/ChampionnatProject/web/app_dev.php/indexOfMatch,1461600561,,302
333b91,::1,GET,http://localhost/ChampionnatProject/web/app_dev.php/indexOfMatch,1461600561,,302
b473dc,::1,GET,http://localhost/ChampionnatProject/web/app_dev.php/indexOfMatch,1461600561,,302
d1807d,::1,GET,http://localhost/ChampionnatProject/web/app_dev.php/indexOfMatch,1461600561,,302
425686,::1,GET,http://localhost/ChampionnatProject/web/app_dev.php/indexOfMatch,1461600561,,302
1e619b,::1,GET,http://localhost/ChampionnatProject/web/app_dev.php/indexOfMatch,1461600561,,302
3929fb,::1,GET,http://localhost/ChampionnatProject/web/app_dev.php/indexOfMatch,1461600562,,302
af95f4,::1,GET,http://localhost/ChampionnatProject/web/app_dev.php/indexOfMatch,1461600592,,302
3ddec4,::1,GET,http://localhost/ChampionnatProject/web/app_dev.php/indexOfMatch,1461600592,,302
fcfaf6,::1,GET,http://localhost/ChampionnatProject/web/app_dev.php/indexOfMatch,1461600592,,302
41ff11,::1,GET,http://localhost/ChampionnatProject/web/app_dev.php/indexOfMatch,1461600592,,302
aadfb9,::1,GET,http://localhost/ChampionnatProject/web/app_dev.php/indexOfMatch,1461600592,,302
1ad38c,::1,GET,http://localhost/ChampionnatProject/web/app_dev.php/indexOfMatch,1461600592,,302
67438c,::1,GET,http://localhost/ChampionnatProject/web/app_dev.php/indexOfMatch,1461600592,,302
00d8ee,::1,GET,http://localhost/ChampionnatProject/web/app_dev.php/indexOfMatch,1461600592,,302
31dcc8,::1,GET,http://localhost/ChampionnatProject/web/app_dev.php/indexOfMatch,1461600592,,302
ef62bc,::1,GET,http://localhost/ChampionnatProject/web/app_dev.php/indexOfMatch,1461600592,,302
02dbbb,::1,GET,http://localhost/ChampionnatProject/web/app_dev.php/indexOfMatch,1461600592,,302
29f0b4,::1,GET,http://localhost/ChampionnatProject/web/app_dev.php/indexOfMatch,1461600592,,302
5c1a97,::1,GET,http://localhost/ChampionnatProject/web/app_dev.php/indexOfMatch,1461600592,,302
501e1c,::1,GET,http://localhost/ChampionnatProject/web/app_dev.php/indexOfMatch,1461600592,,302
7c2eb8,::1,GET,http://localhost/ChampionnatProject/web/app_dev.php/indexOfMatch,1461600592,,302
499699,::1,GET,http://localhost/ChampionnatProject/web/app_dev.php/indexOfMatch,1461600592,,302
c849db,::1,GET,http://localhost/ChampionnatProject/web/app_dev.php/indexOfMatch,1461600592,,302
bd6910,::1,GET,http://localhost/ChampionnatProject/web/app_dev.php/indexOfMatch,1461600592,,302
e4e8b7,::1,GET,http://localhost/ChampionnatProject/web/app_dev.php/indexOfMatch,1461600592,,302
35f04e,::1,GET,http://localhost/ChampionnatProject/web/app_dev.php/indexOfMatch,1461600592,,302
2a9896,::1,GET,http://localhost/ChampionnatProject/web/app_dev.php/indexOfMatch,1461600592,,302
309899,::1,GET,http://localhost/ChampionnatProject/web/app_dev.php/Home,1461600827,8cc162,200
8cc162,::1,GET,http://localhost/ChampionnatProject/web/app_dev.php/Home,1461600827,,404
7835a8,::1,GET,http://localhost/ChampionnatProject/web/app_dev.php/home,1461600832,451c72,200
451c72,::1,GET,http://localhost/ChampionnatProject/web/app_dev.php/home,1461600832,,404
310c97,::1,GET,http://localhost/ChampionnatProject/web/app_dev.php/Home,1461600842,0a2a97,200
0a2a97,::1,GET,http://localhost/ChampionnatProject/web/app_dev.php/Home,1461600842,,404
d965d8,::1,GET,http://localhost/ChampionnatProject/web/app_dev.php/Home,1461600889,e3a7b2,200
e3a7b2,::1,GET,http://localhost/ChampionnatProject/web/app_dev.php/Home,1461600889,,404
44b508,::1,GET,http://localhost/ChampionnatProject/web/app_dev.php/joueur,1461600917,,301
a7caaf,::1,GET,http://localhost/ChampionnatProject/web/app_dev.php/joueur/,1461600917,,200
c6746c,::1,GET,http://localhost/ChampionnatProject/web/app_dev.php/joueur/home,1461600920,942757,200
942757,::1,GET,http://localhost/ChampionnatProject/web/app_dev.php/joueur/home,1461600920,,404
da36d0,::1,GET,http://localhost/ChampionnatProject/web/app_dev.php/joueur/Home,1461600925,4d695f,200
4d695f,::1,GET,http://localhost/ChampionnatProject/web/app_dev.php/joueur/Home,1461600925,,404
f7cfc8,::1,GET,http://localhost/ChampionnatProject/web/app_dev.php/joueur/Home,1461601612,9fb874,200
9fb874,::1,GET,http://localhost/ChampionnatProject/web/app_dev.php/joueur/Home,1461601612,,404
46e2d5,::1,GET,http://localhost/ChampionnatProject/web/app_dev.php/joueur/,1461601629,,200
6445d4,::1,GET,http://localhost/ChampionnatProject/web/app_dev.php/home,1461601728,233a90,200
233a90,::1,GET,http://localhost/ChampionnatProject/web/app_dev.php/home,1461601728,,404
49490f,::1,GET,http://localhost/ChampionnatProject/web/app_dev.php/Home,1461601744,217a4b,200
217a4b,::1,GET,http://localhost/ChampionnatProject/web/app_dev.php/Home,1461601744,,404
c50ed6,::1,GET,http://localhost/ChampionnatProject/web/app_dev.php/Home,1461601861,085ffe,200
085ffe,::1,GET,http://localhost/ChampionnatProject/web/app_dev.php/Home,1461601861,,404
f7da91,::1,GET,http://localhost/ChampionnatProject/web/app_dev.php/Home,1461602209,9fc47c,200
9fc47c,::1,GET,http://localhost/ChampionnatProject/web/app_dev.php/Home,1461602209,,404
27645a,::1,GET,http://localhost/ChampionnatProject/web/app_dev.php/indexOfMatch,1461602247,a72627,200
a72627,::1,GET,http://localhost/ChampionnatProject/web/app_dev.php/indexOfMatch,1461602247,,404
a012f5,::1,GET,http://localhost/ChampionnatProject/web/app_dev.php/index,1461602249,,200
84e3c0,::1,GET,http://localhost/ChampionnatProject/web/app_dev.php/,1462195153,e9b00e,200
e9b00e,::1,GET,http://localhost/ChampionnatProject/web/app_dev.php/,1462195154,,404
addb8c,::1,GET,http://localhost/ChampionnatProject/web/app_dev.php/home,1462195251,8d8432,200
8d8432,::1,GET,http://localhost/ChampionnatProject/web/app_dev.php/home,1462195251,,404
d9ffa5,::1,GET,http://localhost/ChampionnatProject/web/app_dev.php/index,1462195260,,200
953714,::1,GET,http://localhost/ChampionnatProject/web/app_dev.php/joeur,1462195949,315854,200
315854,::1,GET,http://localhost/ChampionnatProject/web/app_dev.php/joeur,1462195949,,404
6a76ca,::1,GET,http://localhost/ChampionnatProject/web/app_dev.php/joueur,1462195956,,301
183b48,::1,GET,http://localhost/ChampionnatProject/web/app_dev.php/joueur/,1462195956,,200
8b7828,::1,GET,http://localhost/ChampionnatProject/web/app_dev.php/joueur/1,1462196149,,200
07aa8e,::1,GET,http://localhost/ChampionnatProject/web/app_dev.php/joueur/1/edit,1462196154,5c2056,200
5c2056,::1,GET,http://localhost/ChampionnatProject/web/app_dev.php/joueur/1/edit,1462196154,,500
9ec215,::1,GET,http://localhost/ChampionnatProject/web/app_dev.php/index,1462196337,,302
712f0e,::1,GET,http://localhost/ChampionnatProject/web/app_dev.php/index,1462196337,,302
f2bc56,::1,GET,http://localhost/ChampionnatProject/web/app_dev.php/index,1462196338,,302
feac16,::1,GET,http://localhost/ChampionnatProject/web/app_dev.php/index,1462196338,,302
95d2c4,::1,GET,http://localhost/ChampionnatProject/web/app_dev.php/index,1462196338,,302
71e059,::1,GET,http://localhost/ChampionnatProject/web/app_dev.php/index,1462196338,,302
08cd3c,::1,GET,http://localhost/ChampionnatProject/web/app_dev.php/index,1462196338,,302
34d7f7,::1,GET,http://localhost/ChampionnatProject/web/app_dev.php/index,1462196338,,302
112ab5,::1,GET,http://localhost/ChampionnatProject/web/app_dev.php/index,1462196338,,302
77365a,::1,GET,http://localhost/ChampionnatProject/web/app_dev.php/index,1462196338,,302
3233fb,::1,GET,http://localhost/ChampionnatProject/web/app_dev.php/index,1462196338,,302
d17b5b,::1,GET,http://localhost/ChampionnatProject/web/app_dev.php/index,1462196338,,302
f22a1b,::1,GET,http://localhost/ChampionnatProject/web/app_dev.php/index,1462196338,,302
c0ec21,::1,GET,http://localhost/ChampionnatProject/web/app_dev.php/index,1462196338,,302
88aa2e,::1,GET,http://localhost/ChampionnatProject/web/app_dev.php/index,1462196338,,302
1593cf,::1,GET,http://localhost/ChampionnatProject/web/app_dev.php/index,1462196338,,302
a45cd4,::1,GET,http://localhost/ChampionnatProject/web/app_dev.php/index,1462196338,,302
5405b0,::1,GET,http://localhost/ChampionnatProject/web/app_dev.php/index,1462196338,,302
2d9013,::1,GET,http://localhost/ChampionnatProject/web/app_dev.php/index,1462196338,,302
8f2272,::1,GET,http://localhost/ChampionnatProject/web/app_dev.php/index,1462196338,,302
0bf5d1,::1,GET,http://localhost/ChampionnatProject/web/app_dev.php/index,1462196338,,302
0fce08,::1,GET,http://localhost/ChampionnatProject/web/app_dev.php/index,1462196340,,302
a30db3,::1,GET,http://localhost/ChampionnatProject/web/app_dev.php/index,1462196343,,302
489536,::1,GET,http://localhost/ChampionnatProject/web/app_dev.php/index,1462196344,,302
c3efbd,::1,GET,http://localhost/ChampionnatProject/web/app_dev.php/index,1462196344,,302
f977b1,::1,GET,http://localhost/ChampionnatProject/web/app_dev.php/index,1462196344,,302
ba4a14,::1,GET,http://localhost/ChampionnatProject/web/app_dev.php/index,1462196344,,302
322dfd,::1,GET,http://localhost/ChampionnatProject/web/app_dev.php/index,1462196344,,302
87a9c4,::1,GET,http://localhost/ChampionnatProject/web/app_dev.php/index,1462196344,,302
42d9d7,::1,GET,http://localhost/ChampionnatProject/web/app_dev.php/index,1462196344,,302
34ea45,::1,GET,http://localhost/ChampionnatProject/web/app_dev.php/index,1462196344,,302
01af86,::1,GET,http://localhost/ChampionnatProject/web/app_dev.php/index,1462196344,,302
09e128,::1,GET,http://localhost/ChampionnatProject/web/app_dev.php/index,1462196344,,302
6995e9,::1,GET,http://localhost/ChampionnatProject/web/app_dev.php/index,1462196344,,302
f15100,::1,GET,http://localhost/ChampionnatProject/web/app_dev.php/index,1462196344,,302
7ef345,::1,GET,http://localhost/ChampionnatProject/web/app_dev.php/index,1462196344,,302
692dbf,::1,GET,http://localhost/ChampionnatProject/web/app_dev.php/index,1462196344,,302
4a4dbf,::1,GET,http://localhost/ChampionnatProject/web/app_dev.php/index,1462196344,,302
660976,::1,GET,http://localhost/ChampionnatProject/web/app_dev.php/index,1462196344,,302
c45c80,::1,GET,http://localhost/ChampionnatProject/web/app_dev.php/index,1462196344,,302
09e2b7,::1,GET,http://localhost/ChampionnatProject/web/app_dev.php/index,1462196344,,302
d2c5a3,::1,GET,http://localhost/ChampionnatProject/web/app_dev.php/index,1462196344,,302
ce5117,::1,GET,http://localhost/ChampionnatProject/web/app_dev.php/joueur,1462196349,,301
98b957,::1,GET,http://localhost/ChampionnatProject/web/app_dev.php/joueur/,1462196349,,200
ae02f2,::1,GET,http://localhost/ChampionnatProject/web/app_dev.php/index/,1462196355,551ccf,200
551ccf,::1,GET,http://localhost/ChampionnatProject/web/app_dev.php/index/,1462196355,,404
9b09a6,::1,GET,http://localhost/ChampionnatProject/web/app_dev.php/index,1462196376,,302
fce80c,::1,GET,http://localhost/ChampionnatProject/web/app_dev.php/index,1462196376,,302
5678bb,::1,GET,http://localhost/ChampionnatProject/web/app_dev.php/index,1462196377,,302
7fae24,::1,GET,http://localhost/ChampionnatProject/web/app_dev.php/index,1462196377,,302
e50f3b,::1,GET,http://localhost/ChampionnatProject/web/app_dev.php/index,1462196377,,302
1a3def,::1,GET,http://localhost/ChampionnatProject/web/app_dev.php/index,1462196377,,302
431747,::1,GET,http://localhost/ChampionnatProject/web/app_dev.php/index,1462196377,,302
7aaf06,::1,GET,http://localhost/ChampionnatProject/web/app_dev.php/index,1462196377,,302
0ad81e,::1,GET,http://localhost/ChampionnatProject/web/app_dev.php/index,1462196377,,302
2bd0cf,::1,GET,http://localhost/ChampionnatProject/web/app_dev.php/index,1462196377,,302
8ff4ff,::1,GET,http://localhost/ChampionnatProject/web/app_dev.php/index,1462196377,,302
06e6b4,::1,GET,http://localhost/ChampionnatProject/web/app_dev.php/index,1462196377,,302
f2b695,::1,GET,http://localhost/ChampionnatProject/web/app_dev.php/index,1462196377,,302
73019c,::1,GET,http://localhost/ChampionnatProject/web/app_dev.php/index,1462196377,,302
77ab57,::1,GET,http://localhost/ChampionnatProject/web/app_dev.php/index,1462196377,,302
88d4b5,::1,GET,http://localhost/ChampionnatProject/web/app_dev.php/index,1462196377,,302
0e07c0,::1,GET,http://localhost/ChampionnatProject/web/app_dev.php/index,1462196377,,302
9001db,::1,GET,http://localhost/ChampionnatProject/web/app_dev.php/index,1462196377,,302
ef59a4,::1,GET,http://localhost/ChampionnatProject/web/app_dev.php/index,1462196377,,302
618da1,::1,GET,http://localhost/ChampionnatProject/web/app_dev.php/index,1462196377,,302
2906fc,::1,GET,http://localhost/ChampionnatProject/web/app_dev.php/index,1462196377,,302
32f6a7,::1,GET,http://localhost/ChampionnatProject/web/app_dev.php/index,1462196378,,302
57f829,::1,GET,http://localhost/ChampionnatProject/web/app_dev.php/index,1462196381,,302
a345f0,::1,GET,http://localhost/ChampionnatProject/web/app_dev.php/index,1462196381,,302
7184e1,::1,GET,http://localhost/ChampionnatProject/web/app_dev.php/index,1462196381,,302
fdab66,::1,GET,http://localhost/ChampionnatProject/web/app_dev.php/index,1462196381,,302
5a36ed,::1,GET,http://localhost/ChampionnatProject/web/app_dev.php/index,1462196381,,302
2f79eb,::1,GET,http://localhost/ChampionnatProject/web/app_dev.php/index,1462196381,,302
829a7d,::1,GET,http://localhost/ChampionnatProject/web/app_dev.php/index,1462196381,,302
8937de,::1,GET,http://localhost/ChampionnatProject/web/app_dev.php/index,1462196381,,302
27a6bc,::1,GET,http://localhost/ChampionnatProject/web/app_dev.php/index,1462196381,,302
e65293,::1,GET,http://localhost/ChampionnatProject/web/app_dev.php/index,1462196381,,302
3acb33,::1,GET,http://localhost/ChampionnatProject/web/app_dev.php/index,1462196381,,302
f3e5ca,::1,GET,http://localhost/ChampionnatProject/web/app_dev.php/index,1462196381,,302
6c34b5,::1,GET,http://localhost/ChampionnatProject/web/app_dev.php/index,1462196381,,302
7b5fd8,::1,GET,http://localhost/ChampionnatProject/web/app_dev.php/index,1462196381,,302
9e685a,::1,GET,http://localhost/ChampionnatProject/web/app_dev.php/index,1462196381,,302
a5e8d2,::1,GET,http://localhost/ChampionnatProject/web/app_dev.php/index,1462196381,,302
1e77ed,::1,GET,http://localhost/ChampionnatProject/web/app_dev.php/index,1462196381,,302
3e852a,::1,GET,http://localhost/ChampionnatProject/web/app_dev.php/index,1462196382,,302
33391b,::1,GET,http://localhost/ChampionnatProject/web/app_dev.php/index,1462196382,,302
23e62a,::1,GET,http://localhost/ChampionnatProject/web/app_dev.php/index,1462196382,,302
c02c44,::1,GET,http://localhost/ChampionnatProject/web/app_dev.php/index,1462196385,,302
f75ff1,::1,GET,http://localhost/ChampionnatProject/web/app_dev.php/index,1462196385,,302
3781ab,::1,GET,http://localhost/ChampionnatProject/web/app_dev.php/index,1462196385,,302
80079e,::1,GET,http://localhost/ChampionnatProject/web/app_dev.php/index,1462196385,,302
55d446,::1,GET,http://localhost/ChampionnatProject/web/app_dev.php/index,1462196385,,302
4a1521,::1,GET,http://localhost/ChampionnatProject/web/app_dev.php/index,1462196386,,302
9879a8,::1,GET,http://localhost/ChampionnatProject/web/app_dev.php/index,1462196386,,302
871f52,::1,GET,http://localhost/ChampionnatProject/web/app_dev.php/index,1462196386,,302
87d2f4,::1,GET,http://localhost/ChampionnatProject/web/app_dev.php/index,1462196386,,302
ff15ed,::1,GET,http://localhost/ChampionnatProject/web/app_dev.php/index,1462196386,,302
c31575,::1,GET,http://localhost/ChampionnatProject/web/app_dev.php/index,1462196386,,302
b8c4bb,::1,GET,http://localhost/ChampionnatProject/web/app_dev.php/index,1462196386,,302
d68e60,::1,GET,http://localhost/ChampionnatProject/web/app_dev.php/index,1462196386,,302
92fa1d,::1,GET,http://localhost/ChampionnatProject/web/app_dev.php/index,1462196386,,302
1e9dd8,::1,GET,http://localhost/ChampionnatProject/web/app_dev.php/index,1462196386,,302
f645b4,::1,GET,http://localhost/ChampionnatProject/web/app_dev.php/index,1462196386,,302
0c3ecd,::1,GET,http://localhost/ChampionnatProject/web/app_dev.php/index,1462196386,,302
560fbe,::1,GET,http://localhost/ChampionnatProject/web/app_dev.php/index,1462196386,,302
63c0b9,::1,GET,http://localhost/ChampionnatProject/web/app_dev.php/index,1462196386,,302
bd698a,::1,GET,http://localhost/ChampionnatProject/web/app_dev.php/index,1462196386,,302
e0ce26,::1,GET,http://localhost/ChampionnatProject/web/app_dev.php/index,1462196386,,302
980a34,::1,GET,http://localhost/ChampionnatProject/web/app_dev.php/index,1462196390,,302
748f94,::1,GET,http://localhost/ChampionnatProject/web/app_dev.php/index,1462196390,,302
a37668,::1,GET,http://localhost/ChampionnatProject/web/app_dev.php/index,1462196394,,302
b28280,::1,GET,http://localhost/ChampionnatProject/web/app_dev.php/index,1462196394,,302
382d27,::1,GET,http://localhost/ChampionnatProject/web/app_dev.php/index,1462196395,,302
b46f75,::1,GET,http://localhost/ChampionnatProject/web/app_dev.php/index,1462196395,,302
61c675,::1,GET,http://localhost/ChampionnatProject/web/app_dev.php/index,1462196395,,302
9ad828,::1,GET,http://localhost/ChampionnatProject/web/app_dev.php/index,1462196395,,302
f701f8,::1,GET,http://localhost/ChampionnatProject/web/app_dev.php/index,1462196395,,302
81c825,::1,GET,http://localhost/ChampionnatProject/web/app_dev.php/index,1462196395,,302
f87bc7,::1,GET,http://localhost/ChampionnatProject/web/app_dev.php/index,1462196395,,302
3397fd,::1,GET,http://localhost/ChampionnatProject/web/app_dev.php/index,1462196395,,302
80939c,::1,GET,http://localhost/ChampionnatProject/web/app_dev.php/index,1462196395,,302
015738,::1,GET,http://localhost/ChampionnatProject/web/app_dev.php/index,1462196395,,302
510114,::1,GET,http://localhost/ChampionnatProject/web/app_dev.php/index,1462196395,,302
83bcfc,::1,GET,http://localhost/ChampionnatProject/web/app_dev.php/index,1462196395,,302
09a0ef,::1,GET,http://localhost/ChampionnatProject/web/app_dev.php/index,1462196395,,302
4d9c33,::1,GET,http://localhost/ChampionnatProject/web/app_dev.php/index,1462196395,,302
113c0a,::1,GET,http://localhost/ChampionnatProject/web/app_dev.php/index,1462196395,,302
c1ca97,::1,GET,http://localhost/ChampionnatProject/web/app_dev.php/index,1462196395,,302
fb68ba,::1,GET,http://localhost/ChampionnatProject/web/app_dev.php/index,1462196395,,302
595d64,::1,GET,http://localhost/ChampionnatProject/web/app_dev.php/index,1462196400,,200
7d3c94,::1,GET,http://localhost/ChampionnatProject/web/app_dev.php/index,1462196415,,200
4c6d32,::1,GET,http://localhost/ChampionnatProject/web/app_dev.php/index,1462196417,,200
66a598,::1,GET,http://localhost/ChampionnatProject/web/app_dev.php/index,1462196440,,200
1d9605,::1,GET,http://localhost/ChampionnatProject/web/app_dev.php/index,1462196491,,200
da6539,::1,GET,http://localhost/ChampionnatProject/web/app_dev.php/index,1462196529,,200
b865e3,::1,GET,http://localhost/ChampionnatProject/web/app_dev.php/index,1462196536,,200
203891,::1,GET,http://localhost/ChampionnatProject/web/app_dev.php/index,1462196572,0ebf5a,200
0ebf5a,::1,GET,http://localhost/ChampionnatProject/web/app_dev.php/index,1462196572,,500
b0168b,::1,GET,http://localhost/ChampionnatProject/web/app_dev.php/index,1462196593,187d2b,200
187d2b,::1,GET,http://localhost/ChampionnatProject/web/app_dev.php/index,1462196593,,500
a0ea4b,::1,GET,http://localhost/ChampionnatProject/web/app_dev.php/index,1462196791,9964db,200
9964db,::1,GET,http://localhost/ChampionnatProject/web/app_dev.php/index,1462196791,,404
4b6d0c,::1,GET,http://localhost/ChampionnatProject/web/app_dev.php/index,1462196820,435c93,200
435c93,::1,GET,http://localhost/ChampionnatProject/web/app_dev.php/index,1462196820,,404
2b3959,::1,GET,http://localhost/ChampionnatProject/web/app_dev.php/index,1462196828,a7b326,200
a7b326,::1,GET,http://localhost/ChampionnatProject/web/app_dev.php/index,1462196828,,404
b85251,::1,GET,http://localhost/ChampionnatProject/web/app_dev.php/joueur/index,1462196842,b14def,200
b14def,::1,GET,http://localhost/ChampionnatProject/web/app_dev.php/joueur/index,1462196842,,404
16d767,::1,GET,http://localhost/ChampionnatProject/web/app_dev.php/joueur/index,1462196866,f7e150,200
f7e150,::1,GET,http://localhost/ChampionnatProject/web/app_dev.php/joueur/index,1462196866,,404
8e7bfb,::1,GET,http://localhost/ChampionnatProject/web/app_dev.php/joueur/index,1462196932,3f35f1,200
3f35f1,::1,GET,http://localhost/ChampionnatProject/web/app_dev.php/joueur/index,1462196932,,404
1ba612,::1,GET,http://localhost/ChampionnatProject/web/app_dev.php/joueur/index,1462196933,4204d6,200
4204d6,::1,GET,http://localhost/ChampionnatProject/web/app_dev.php/joueur/index,1462196933,,404
421902,::1,GET,http://localhost/ChampionnatProject/web/app_dev.php/joueur/index,1462196933,2556e6,200
2556e6,::1,GET,http://localhost/ChampionnatProject/web/app_dev.php/joueur/index,1462196933,,404
e29f34,::1,GET,http://localhost/ChampionnatProject/web/app_dev.php/joueur/index,1462196992,af6f5b,200
af6f5b,::1,GET,http://localhost/ChampionnatProject/web/app_dev.php/joueur/index,1462196992,,404
be0168,::1,GET,http://localhost/ChampionnatProject/web/app_dev.php/joueur/index,1462196993,f3880f,200
f3880f,::1,GET,http://localhost/ChampionnatProject/web/app_dev.php/joueur/index,1462196993,,404
dba14d,::1,GET,http://localhost/ChampionnatProject/web/app_dev.php/index,1462196998,4be6bd,200
4be6bd,::1,GET,http://localhost/ChampionnatProject/web/app_dev.php/index,1462196998,,404
a89b45,::1,GET,http://localhost/ChampionnatProject/web/app_dev.php/index,1462197036,,200
a8281c,::1,GET,http://localhost/ChampionnatProject/web/app_dev.php/index,1462197136,,200
e6a9c2,::1,GET,http://localhost/ChampionnatProject/web/app_dev.php/index,1462197138,,200
9d74df,::1,GET,http://localhost/ChampionnatProject/web/app_dev.php/index,1462197427,,200
a46fc1,::1,GET,http://localhost/ChampionnatProject/web/app_dev.php/index,1462197483,,200
2611dc,::1,GET,http://localhost/ChampionnatProject/web/app_dev.php/index,1462197669,,200
ab3ac1,::1,GET,http://localhost/ChampionnatProject/web/app_dev.php/index,1462198306,,200
c303b8,::1,GET,http://localhost/ChampionnatProject/web/app_dev.php/index,1462198353,,200
7f53fd,::1,GET,http://localhost/ChampionnatProject/web/app_dev.php/partie,1462198414,,301
70b134,::1,GET,http://localhost/ChampionnatProject/web/app_dev.php/partie/,1462198414,,200
e02eb1,::1,GET,http://localhost/ChampionnatProject/web/app_dev.php/partie/new,1462198416,,200
4b4fef,::1,GET,http://localhost/ChampionnatProject/web/app_dev.php/partie/,1462198485,,200
92908a,::1,GET,http://localhost/ChampionnatProject/web/app_dev.php/partie/,1462198486,,200
9fbca8,::1,GET,http://localhost/ChampionnatProject/web/app_dev.php/partie/new,1462198639,,200
b454d6,::1,GET,http://localhost/ChampionnatProject/web/app_dev.php/partie/,1462198959,,200
e526bd,::1,GET,http://localhost/ChampionnatProject/web/app_dev.php/index,1462198989,c5b98b,200
c5b98b,::1,GET,http://localhost/ChampionnatProject/web/app_dev.php/index,1462198989,,500
f5495d,::1,GET,http://localhost/ChampionnatProject/web/app_dev.php/index,1462199001,,200
f58902,::1,GET,http://localhost/ChampionnatProject/web/app_dev.php/,1462564673,e70c3f,200
e70c3f,::1,GET,http://localhost/ChampionnatProject/web/app_dev.php/,1462564673,,404
d14f9b,::1,GET,http://localhost/ChampionnatProject/web/app_dev.php/competition,1462564705,,301
6c30c1,::1,GET,http://localhost/ChampionnatProject/web/app_dev.php/competition/,1462564706,,200
b1875f,::1,GET,http://localhost/ChampionnatProject/web/app_dev.php/competition/new,1462564709,,200
94d73e,::1,POST,http://localhost/ChampionnatProject/web/app_dev.php/competition/,1462564748,,302
f4e820,::1,GET,http://localhost/ChampionnatProject/web/app_dev.php/competition/1,1462564748,,200
e0d480,::1,GET,http://localhost/ChampionnatProject/web/app_dev.php/competition/,1462564750,,200
04a21c,::1,GET,http://localhost/ChampionnatProject/web/app_dev.php/competition/1,1462565123,,200
